"place_id","place_name","neighborhood","cuisine","setting","reservation_url","image_url","budget","description","maps_url"
"ChIJ9ev4B-FbwokRhzTqc9KP5-I","Shalom Japan","williamsburg","Fusion","Sit-down","https://resy.com/cities/new-york-ny/venues/shalom-japan?seats=2&date=2024-07-15","https://image.resy.com/3/003/2/69657/f60538761589f806f089cf82d45e0ac8aa1a7064/jpg/1600x1600","$$","Traditional flavors from two distinct cultures, Jewish and Japanese, intersect in Williamsburg. With joyful service and a beautiful ambiance, this spot is underhyped and worth every visit.","https://maps.app.goo.gl/sSMA7mt9Dm5jeM4z7"
"ChIJCfLy3phZwokRYh582zJlIiA","The Nines","NoHo","American","Sit-down","https://resy.com/cities/new-york-ny/venues/thenines?seats=2&date=2024-07-17","https://image.resy.com/3/003/2/7490/067b95cf0a9955859e69fa45e314039c7203f173/jpg/1600x1600","$$$","Romantic, old-school piano lounge with a dress code, plus cocktails & fancy bites like caviar.","https://maps.app.goo.gl/AAyvnNND388uGTHA9"
"ChIJWVj6oIhZwokR-D2XV_jFGwU","Rin Tin Tin","SoHo","Mediterranean","Sit-down","https://www.opentable.com/r/rintintin","https://res.cloudinary.com/the-infatuation/image/upload/q_auto,f_auto/cms/reviews/rintintin/banners/1523026269.45","$$","The eclectic menu has a Mediterranean slant at this small, airy bistro with booths & a bar.","https://maps.app.goo.gl/DCcb2pN8jHu8Vh1n9"
"ChIJtQTimnNbwokROjOc_Cfzm4k","Winonas","BedStuy","American","Sit-down","https://resy.com/cities/new-york-ny/venues/winonas?date=2024-07-17&seats=2","https://image.resy.com/3/003/2/42650/ffde61b57aa9101dce47c66575a672c89a74201a/jpg/1600x1600","$$","Seasonal dishes served in a hip, modern restaurant & wine bar that has a covered terrace.","https://maps.app.goo.gl/H2vDai9pSpama4cL7"
"ChIJ3zw7TmFbwokRH-_lOZlKATI","Lalou","Prospect Heights","American","Sit-down","https://resy.com/cities/new-york-ny/venues/lalou?date=2024-07-17&seats=2","https://res.cloudinary.com/the-infatuation/image/upload/v1656116175/cms/EmilyS_NYC_TheTenBells_BackPatio_04.jpg","$$","Natural, biodynamic & small-production wines are paired with market-driven fare in a sleek setting.","https://maps.app.goo.gl/hmeSHWDxh8yxzwbQ8"
"ChIJHzZ2mzxbwokR3LxA89MHy78","Cloverhill","Brooklyn Heights","American","Sit-down","https://www.exploretock.com/clover-hill-brooklyn/","https://tock-public.imgix.net/imagesprod/user_uploaded_images_v1/effec890-b974-40aa-a8ed-db90a0054fef.jpg?ixlib=js-3.5.1&auto=format&fit=crop&crop=focalpoint&w=1440","$$$","An intimate, 20-seat restaurant by its three partners Clay Castillo, Gabriel Merino and Executive Chef Charlie Mitchell.","https://maps.app.goo.gl/KPKfxGCNPUTsX2JQA"
"ChIJWd7fRdZZwokRhru5tn4KsVM","Torrisi","NoLiTa","Italian","Sit-down","https://resy.com/cities/new-york-ny/venues/torrisi?date=2024-07-17&seats=2","https://images.getbento.com/accounts/0ad5a0dc17efb65589997db54130f0b0/media/images/92209s1.jpg?w=1200&fit=crop&auto=compress,format&h=600","$$$","The beloved destination for Italian American food from the same team behind Carbone is finally back, and while the mozzarella is still flowing, it’s not quite the same as you might remember; it’s even better.","https://maps.app.goo.gl/zu4kB82c1vDUzQvs9"
"ChIJCX8uUp9bwokRYeKrFC129zw","D'antan","Prospect Heights","Italian","Sit-down","https://www.opentable.com/r/dantan-vino-naturale-e-cucina-italiana-brooklyn?ref=1068","https://images.otstatic.com/prod/26763678/3/large.jpg","$$","Neighborhood wine bar with a romantic vibe, offering traditional Italian food & a robust wine list.","https://maps.app.goo.gl/S3P6UdTvmcipbEiz6"
"ChIJja0-KpdZwokRuOHSWneCBxE","Amelie Bistro & Wine Bar UWS","Upper West Side","American","Sit-down","https://resy.com/cities/new-york-ny/venues/amelie-upper-west-side?date=2024-07-17&seats=2","https://offloadmedia.feverup.com/secretnyc.co/wp-content/uploads/2022/07/25092313/39995547_691488951249762_6455995717964958312_n-e1657055510178.jpg","$$","Serene joint with a classy vibe offering small plates & full meals with matching wines.","https://maps.app.goo.gl/42DEKwXrfUMwjpen8"
"ChIJbTCMl19ZwokRUohF137p9cQ","The Four Horsemen","Williamsburg","American","Sit-down","https://resy.com/cities/new-york-ny/venues/the-four-horsemen?date=2024-07-17&seats=2","https://res.cloudinary.com/the-infatuation/image/upload/q_auto,f_auto/cms/reviews/four-horsemen/banners/1513024586.68","$$","Wine bar from James Murphy of LCD Soundsystem serving small plates in snug digs with light woodwork.","https://maps.app.goo.gl/VBvbWevgsziFDNKh8"
"ChIJxwoiopRZwokRttz8Wb0-BLU","L'Artusi","West Village","Italian","Sit-down","https://resy.com/cities/new-york-ny/venues/lartusi-ny?date=2024-07-22&seats=2","https://images.squarespace-cdn.com/content/v1/5c311ba2697a98937f5a1a98/1556772764538-ZW56ALIDSE98U39NQ3WI/IMG_6337.jpg","$$$","Italian small plates are matched by an extensive wine list at this bi-level restaurant.","https://maps.app.goo.gl/f2jGYGmqncw5csyN8"
"ChIJG0fkfuJZwokRqmAxXTpYP2I","Bad Roman","Midtown","Italian","Sit-down","https://www.opentable.com/r/bad-roman-new-york?ref=1068","https://resizer.otstatic.com/v2/photos/wide-xlarge/2/51434279.webp","$$$","Lively, colorful, and bad in the... best way.","https://maps.app.goo.gl/r4ootKmCmkxbyLBw7"
"ChIJhXlSFFVZwokRbQf-lmDUK6k","The Office of Mr. Moto","East Village","Sushi","Sit-down","https://www.exploretock.com/mrmoto/search","https://tock-public.imgix.net/imagesprod/user_uploaded_images_v1/e53007397bbbdb5017ae107c3c87d33c.jpg?ixlib=js-3.5.1&auto=format&fit=crop&crop=focalpoint&w=1440","$$$$","A speakeasy omakase that has probably popped up in you social media feed at some point in the last year or so. If you can get a reservation (and that's a big if), punch in the code and enjoy the ride. Reservations open up a month in advance.","https://maps.app.goo.gl/XaCSq7yrq7MsiPLM9"
"ChIJq6oPsoNZwokR1hGiiD3wy8g","Foul Witch","Lower East Side","Italian","Sit-down","https://resy.com/cities/new-york-ny/venues/foul-witch?date=2024-07-22&seats=2","https://image.resy.com/3/003/2/67460/32aaf7e422705d5645cbbf1dd664f331be63e25f/jpg/1600x1600","$$","A dreamy, dimly lit Italian bar with amazing wine and inventive menu. Think pastas like sunchoke caramelle or veal agnolotti with amaretto, and snacks like polenta with Maine sea urchin and grilled tripe with pecorino and mint. Great date spot.","https://maps.app.goo.gl/zTEsRiXEvXmttNaU6"
"ChIJEwHZcZNZwokR810IgyQhoZM","Buvette Gastrotheque","West Village","French","Sit-down","Walk in Only","https://media-cdn.tripadvisor.com/media/photo-s/1c/e7/8f/41/buvette-gastrotheque.jpg","$$","Popular, quaint bistro offering a French small-plates menu at breakfast, lunch, and dinner.","https://maps.app.goo.gl/i6ocJHts5Cxb8dtM7"
"ChIJyW-u9iZawokRY1sHXGzZHGI","Chinese Tuxedo","Chinatown","Chinese","Sit-down","https://resy.com/cities/new-york-ny/venues/chinese-tuxedo?date=2024-07-22&seats=2","https://image.resy.com/3/003/2/818/b9c7bab3dbba081e8f00f680df38585fd49bc4f9/jpg/1600x1600","$$$","Two-story spot in a former opera house, offering contemporary Chinese dishes & stylish touches.","https://maps.app.goo.gl/DJrskjfYfsNCm54M9"
"ChIJR9legAFZwokRa1s5gcFXPZw","Grand Central Oyster Bar","Midtown","Seafood","Sit-down","https://www.opentable.com/grand-central-oyster-bar","https://resizer.otstatic.com/v2/photos/xlarge/1/24915499.webp","$$","Venerated, iconic eatery serving raw oysters, pan roasts & chowders in a bustling, vaulted setting.","https://maps.app.goo.gl/hPYgvZFpP1Y5D3zn8"
"ChIJr7FOf5NZwokRu3CDYtzVmuQ","Via Carota","West Village","Italian","Sit-down","https://resy.com/cities/new-york-ny/venues/via-carota?date=2024-07-22&seats=2","https://assets.bonappetit.com/photos/5b2acb365ebfc15cdca6fd2a/16:9/w_2560,c_limit/via-carota-lead.jpg","$$","Italian trattoria serving traditional plates & apéritifs in a rustic, cozy space.","https://maps.app.goo.gl/UnbJBnVr4xksuvuw6"
"ChIJTX6hP5NZwokR93muGu7l4X0","Little owl","West Village","Mediterranean","Sit-down","https://www.opentable.com/r/little-owl-west-village?ref=1068","https://resizer.otstatic.com/v2/photos/wide-xlarge/3/51835878.webp","$$$","Popular place for Mediterranean inspired menu, including gravy meatball sliders and spiced sugar beignets.","https://maps.app.goo.gl/onhZ7woZFSUiWxyd8"
"ChIJUw68EZJZwokRJ15RD_T4OTw","Dante NYC","NoHo","Italian","Sit-down","https://resy.com/cities/new-york-ny/venues/dante?date=2024-07-22&seats=2","https://image.resy.com/3/003/2/1290/55a4305a8285d9b7c8204ffec5319734394976b7/jpg/1600x1600","$$$","Legendary circa-1915 cafe serving small plates & cocktails in an updated historic setting.","https://maps.app.goo.gl/N2RvvxrqUr3w59Ho6"
"ChIJmSvG_ZFZwokRTOFeiLXzkmA","Carbone New York","Greenwich Village","Italian","Sit-down","https://resy.com/cities/new-york-ny/venues/carbone?date=2024-07-22&seats=2","https://pyxis.nymag.com/v1/imgs/23f/463/5706c54f4cde96328bc3ac7d1cc311c28b-carbone-01.rsocial.w1200.jpg","$$$","High-end takes on red-sauce fare await at this A-lister Italian restaurant in a retro-glam space.","https://maps.app.goo.gl/1VkzcSi75oJ2FhC29"
"ChIJK0Nld6ZZwokRyOd9fsyinLY","The Smith","Upper West Side","American","Sit-down","https://www.opentable.com/the-smith-lincoln-square","https://resizer.otstatic.com/v2/photos/xlarge/1/53040024.webp","$$","You know the Smith. Solid, consistent, always busy, casual American brasserie, a great spot for classic choices: martini, steak, salmon, mussels.","https://maps.app.goo.gl/XBjNcgrGpamjbDhR8"
"ChIJW_WGT2BZwokRNpvZ4k3lVcs","Maison Premiere","Williamsburg","Seafood","Sit-down","https://resy.com/cities/new-york-ny/venues/maison-premiere?date=2024-07-22&seats=2","https://i.pinimg.com/736x/e1/41/b9/e141b924de3986262d7e97fecbe07bdd.jpg","$$$","Oysters, cocktails & small plates in a New Orleans-styled setting with an atmospheric garden.","https://maps.app.goo.gl/ESxdnb6vqkQfWZRv9"
"ChIJlUslZldYwokRcn6kVUP-9Io","Yakitori Torishin","Midtown","Japanese","Sit-down","https://resy.com/cities/new-york-ny/venues/torishin?date=2024-07-22&seats=2","https://www.seenewyork.nyc/wp-content/uploads/2016/04/b6dabc3f26011450b4c21b0ac1cd90d2-2.jpg","$$$$","Sophisticated Japanese eatery offering charcoal-grilled skewers & sake, plus a chef's-choice option.","https://maps.app.goo.gl/hWBHsqYS3xh9bhG98"
"ChIJ71HLcIxZwokRXymDgawloWI","Cipriani Downtown NYC","SoHo","Italian","Sit-down","https://resy.com/cities/new-york-ny/venues/cipriani-downtown?date=2024-07-22&seats=2","https://image.resy.com/3/003/2/35674/513d574f4843ebf97fffc4f80eb876401c1dacb0/jpg/1600x1600","$$$$","Upscale scene where an international crowd tucks into Italian food chased with Bellinis.","https://maps.app.goo.gl/W48ftxrBGe4RZ4Wo8"
"ChIJw_TGEwBZwokR-zLts543O-4","Gabriel Kreuther","Midtown","French","Sit-down","https://resy.com/cities/new-york-ny/venues/gabriel-kreuther?date=2024-07-22&seats=2","https://images.squarespace-cdn.com/content/v1/5b81a4e59f8770d7938eeefb/1678398398704-IXWS8HIKUALIFH92GQ25/image-asset.jpeg","$$$$","Sophisticated French cooking presented in chic, airy environs with salvaged-wood beams.","https://maps.app.goo.gl/yCJw4276A2nSSuDm8"
"ChIJt7fMLIlZwokRCRtM9bNDg78","Balthazar","SoHo","French","Sit-down","https://resy.com/cities/ny/balthazar-nyc?date=2023-03-09&seats=2","https://resizer.otstatic.com/v2/photos/wide-huge/1/25178314.jpg","$$$","Iconic French brasserie with steak frites, brunch & pastries in a classy space with red banquettes.","https://maps.app.goo.gl/BSjZHtX1oV9SmkGd9"
"ChIJ7cmhqPVZwokRcWzLzM5e-5A","Wolfgang's Steakhouse","Midtown","Steakhouse","Sit-down","https://www.opentable.com/wolfgangs-steak-house-times-square","https://resizer.otstatic.com/v2/photos/xlarge/1/23696143.jpg","$$$$","Upscale chophouse chain serving dry-aged steaks, seafood & wine in an elegant setting.","https://maps.app.goo.gl/iJ2mH2uBbxC9jJVs8"
"ChIJ8Q2WSpJZwokRQz-bYYgEskM","Joe's Pizza","FiDi","Pizza","Fast and casual","Walk in Only","https://s3-media0.fl.yelpcdn.com/bphoto/6e7BcBhsdaEpu3jtb_qViA/348s.jpg","$","Counter-service pizzeria known for classic New York slices since 1975.","https://maps.app.goo.gl/N7SoFPc1tyeTUkDT6"
"ChIJldiPNKNZwokRrm9ORNCKwC4","L' Avenue at Saks","Midtown","French","Sit-down","https://resy.com/cities/new-york-ny/venues/lavenue?date=2024-07-22&seats=2","https://image.resy.com/3/003/2/4707/0ab7225c19a01c4433541d164def1d7e4b5e7a18/jpg/1600x1600","$$$","Designed by renowned architect Philippe Starck, the restaurant spans two floors with a French art deco-inspired dining room and Le Chalet—a bar and lounge offering cozy, après-ski style interiors and outdoor terrace overlooking 5th avenue.","https://maps.app.goo.gl/9j8X4z3Hhu1DyKaj6"
"ChIJWZVoalVYwokRnPIXV2adxKA","The Long room","Theater District/Times Square","Irish","Sit-down","https://resy.com/cities/ny/the-long-room?date=2023-03-09&seats=2","https://resy.com/cities/new-york-ny/venues/the-long-room?date=2024-07-22&seats=2","$$","Clubby Irish gastropub with an extensive beer menu featuring craft, domestic & international brews.","https://maps.app.goo.gl/v39CkCVGUugVxayT8"
"ChIJK0Nld6ZZwokRyOd9fsyinLY","Smith & Wollensky","Midtown","Steakhouse","Sit-down","https://www.opentable.com/r/smith-and-wollensky-new-york?corrid=7dbcec63-6311-4746-9852-d92b7d47db19&avt=eyJ2IjoyLCJtIjoxLCJwIjowLCJzIjowLCJuIjowfQ&p=2&sd=2023-03-18T20%3A30%3A00","https://images.otstatic.com/prod/27687231/4/huge.jpg","$$$$","This spot serves up a burger that's all the rave, complete with a mountain of fries. Reservations might run late, so patience is key. The mac and cheese is popular, but opinions vary. Service shines, especially with servers like Sofia, who ensure a top-notch experience. Don't miss the Smith burger and vanilla ice cream, and definitely check out the quirky Photo Booth in the bathroom. Prices are on the higher side, and while some dishes, like shrimp grits, might disappoint, the overall vibe and kid-friendly atmosphere with fun games make it worth a visit. Perfect for brunch with standout dishes like the ranchero scramble and pancakes.","https://maps.app.goo.gl/k5PJBnLHo9UyXi1Q6"
"ChIJ22wiSIpZwokRUmlXovJnWDI","La Mercerie","SoHo","French","Sit-down","https://resy.com/cities/ny/la-mercerie-at-the-guild?date=2023-03-09&seats=2","https://static01.nyt.com/images/2017/12/20/dining/20sell7SUB/merlin_131178758_51431cca-996a-4543-90ea-7a866dbccdfb-superJumbo.jpg","$$$","Contemporary French eatery, pastry counter, and home decor showcase inside Roman and Williams Guild.","https://maps.app.goo.gl/nBohMMyZ4Abchq5b8"
"ChIJ2fUkDpRZwokRUfmdRhH-Czg","Joseph Leornard","West Village","American","Sit-down","https://resy.com/cities/ny/joseph-leonard?date=2023-03-09&seats=2","https://www.meltingbutter.com/wp-content/uploads/2014/02/305-blog_nyc-hotspot-find-joseph-leonard.png","$$$","New American fare served from breakfast to late-night in a rustic space with just a few tables.","https://maps.app.goo.gl/3JWhrX3CcvySKzwZ9"
"ChIJDdGLAIdZwokRDko3La_Uh34","Lena West Village","West Village","French","Sit-down","https://resy.com/cities/ny/lena-west-village?date=2023-03-18&seats=2","https://images.otstatic.com/prod1/42641289/4/huge.jpg","$$","Rustic-chic French cafe serving traditional fare including brunch with wine & classic cocktails.","https://maps.app.goo.gl/FPpaVB9X7eghYoUb6"
"ChIJbY3-ye5YwokRWOG8XH8DqSw","The East Pole","Upper East Side","American","Sit-down","https://www.opentable.com/r/the-east-pole-kitchen-and-bar-new-york?corrid=c29fb184-2e5a-4bcc-ad2e-c64f7988f923&avt=eyJ2IjoyLCJtIjowLCJwIjowLCJzIjowLCJuIjowfQ&p=2&sd=2023-03-19T12%3A00%3A00","https://www.habituallychic.luxury/wp-content/uploads/sites/2/2014/03/13.-east-pole-ues-habituallychic.jpg","$$$","Farm-to-table American restaurant for dinner and weekend brunch, with private dining rooms located inside a historic brownstone.","https://maps.app.goo.gl/xHVuREhXjsjQb3NW7"
"ChIJKa5H-LxZwokRJfUaodNgwQk","Mission Sandwich Social","Williamsburg","Deli & Bagel","Fast and casual","Walk in Only","https://s3-media0.fl.yelpcdn.com/bphoto/bqE1LHEHfLzwz9flyX9HbA/348s.jpg","$","Simple eatery with an industrial vibe fixing up generous subs, including vegetarian & vegan options.","https://maps.app.goo.gl/jLVaJmhowNxgs2FC7"
"ChIJ14y5HwNZwokRxY9i9s7Ugcg","Sakagura","Midtown","Japanese","Sit-down","https://resy.com/cities/new-york-ny/venues/sakagura?date=2024-07-22&seats=2","https://media.timeout.com/images/100417017/image.jpg","$$$","Japanese small plates & a deep sake list in a blond-wood izakaya hidden beneath an office building.","https://maps.app.goo.gl/hYZpCrFH995okT3T7"
"ChIJ2fEjn-RZwokRe9eppEiXc4E","The Tyger","SoHo","Asian","Sit-down","https://resy.com/cities/new-york-ny/venues/the-tyger?date=2024-07-22&seats=2","https://image.resy.com/3/003/2/34814/dfb80657340616894b0372c46f718c08a4d9cf41/jpg/1600x1600","$$$","Cocktails and Asian fusion eats are offered in this chic eatery with a patio.","https://maps.app.goo.gl/waWdp6jq2NMD9YeF8"
"ChIJu7pIuopZwokRvIsndYhPg4U","Frenchette","Tribeca","French","Sit-down","https://resy.com/cities/new-york-ny/venues/frenchette?date=2024-07-22&seats=2","https://cdn.vox-cdn.com/thumbor/7AOrrni6WY2UgpiQ5Wa3eDQA4mc=/0x0:5760x3840/1200x675/filters:focal(2420x1460:3340x2380)/cdn.vox-cdn.com/uploads/chorus_image/image/59353619/Frenchette_14.0.jpg","$$$","Contemporary bistro serving French cuisine and natural wines in a sophisticated environment.","https://maps.app.goo.gl/U7wyj6LPWYRQtiUy5"
"ChIJq75Ur-tZwokRo7I_F_PhlcU","L'Abeille","Tribeca","French","Sit-down","https://resy.com/cities/new-york-ny/venues/labielle?date=2024-07-22&seats=2","https://galavante.com/wp-content/uploads/2022/09/LAbeille-NYC-Atmosphere-.jpeg","$$$$","You’ll want to put this stylish addition to the ever-growing Manhattan French restaurant scene on your personal hit list. Chef Mitsunobu Nagae is a veteran of the Joël Robuchon empire, and it shows in his elegant Japanese-accented Gallic fare — whether his multi-course tasting menu or the short à la carte selection rich with luxury ingredients like foie gras, lobster, and caviar.","https://maps.app.goo.gl/aGbXVfJpLNnT7nKU8"
"ChIJISXTwWJZwokRIok4xyMeb6g","One White Street","Tribeca","American","Sit-down","https://resy.com/cities/new-york-ny/venues/one-white-street?date=2024-07-21&seats=2","https://image.resy.com/3/003/2/49137/80ee8738cabee8d2e3e739cdf3bc472264c424c1/jpg/1600x1600","$$$","Chef Austin Johnson, a veteran of Eleven Madison Park and Paris’ Frenchie, gives a whole new meaning to “farm to table.” Here, the tables are filled with produce from this vegetable-forward restaurant’s own farm in upstate New York, and Johnson decides what gets planted.","https://maps.app.goo.gl/EMYvgsxjU1HomrbT7"
"ChIJ2a47oB9awokRj5umaLKRd1s","Tiny's and the bar Upstairs","Tribeca","American","Sit-down","https://www.opentable.com/restref/client/?rid=77635&restref=77635&datetime=2023-04-09T12%3A00&covers=2&rtype=ism&searchdatetime=2023-04-09T12%3A00&partysize=2&lang=en&corrid=8dec36ab-d3b7-43b5-846d-fc661e783efd","https://accidentallywesanderson.com/wp-content/uploads/2021/02/130359143_211877837226857_8066155577402139443_n.jpg","$$","Historical 1810 bi-level townhouse showcases New American fare in a dimly lit, rustic setting.","https://maps.app.goo.gl/FVrxHF5MgD3J6kDB9"
"ChIJ4bYvf1BawokRn1L4oKgS2mk","Kitchen at Cobble Hill","Cobble Hill","Mediterranean","Sit-down","https://www.opentable.com/r/kitchen-at-cobble-hill","https://f21898f3347ec7b42dcb.cdn6.editmysite.com/uploads/b/f21898f3347ec7b42dcb5abcf067ad1a683bd8f8396895365c5c5d59637279a4/interior3_1652229849.jpg?width=2400&optimize=medium","$$","Cozy, wood-accented eatery serving a varied, seasonally changing menu of comfort food dishes.","https://maps.app.goo.gl/evnqsSc3Du1jhkBd6"
"ChIJRcCC14VZwokRvJiDo29-IGM","Freemans","Lower East Side","American","Sit-down","https://resy.com/cities/ny/freemans?date=2023-03-22&seats=2","https://images.squarespace-cdn.com/content/v1/55c8d2a4e4b0168e0edc0b4b/1439821242281-MJWBEDN2BKYJDOFMMVKE/Outside-hero-shot.jpg","$$","American fare, craft cocktails & Colonial tavern decor draws a hip crowd to this hidden-away spot.","https://maps.app.goo.gl/iRXYi45ANG4YJ1Y99"
"ChIJQ5drEVRZwokR-IeGxQzxDgo","Santa Fe BK","Williamsburg","American","Sit-down","https://resy.com/cities/ny/santa-fe-bk?date=2023-03-21&seats=2","https://cdn.vox-cdn.com/thumbor/TuvkYO58ARKHFnCh56KYa9K6TXA=/0x0:4000x2667/1200x0/filters:focal(0x0:4000x2667):no_upscale()/cdn.vox-cdn.com/uploads/chorus_asset/file/23052586/ChristianR_SantaFe_2.jpg","$$","Relaxed spot dishing up Southwestern eats, including breakfast burritos & green chile cheeseburgers.","https://maps.app.goo.gl/UtUyxAfb3iLJukyQ6"
"ChIJlTKLqJVZwokRH2TS2qm12hg","Tartine","West Village","French","Sit-down","Walk in Only","https://newyork-onmymind.com/wp-content/uploads/2015/08/Tartine-in-New-York.jpg","$$","French bistro basics & a Parisian vibe enliven this tiny BYO restaurant with sidewalk seating.","https://maps.app.goo.gl/7UBUZcKu7cduPQLZ9"
"ChIJfxC19JVZwokRX2uKgQAL17c","Don Angie","West Village","Italian","Sit-down","https://resy.com/cities/new-york-ny/venues/don-angie?date=2024-07-22&seats=2","https://images.squarespace-cdn.com/content/v1/52f4133de4b08200b4da975e/1540222814305-LZUBBH1T9ZOJS5N1MBK0/Don+Angie+Restaurant+_+juanpablolira%2Bcopyright2017_-4.jpg?format=2500w","$$$","Serves Italian-American classics with wine and cocktails in a marble-accented space.","https://maps.app.goo.gl/jLyfsrWbcoBVWKXMA"
"ChIJvfpl3GpZwokR9Doyl16Ku_w","The Mary Lane","West Village","American","Sit-down","https://resy.com/cities/ny/the-mary-lane?date=2023-03-21&seats=2","https://thevendry.com/cdn-cgi/image/width=3840,quality=75,fit=contain,metadata=none,format=auto/https%3A%2F%2Fs3.amazonaws.com%2Fuploads.thevendry.co%2F21034%2F1644091439784_51717040457_d510a70b8a_k.jpg","$$","With a roster of neighborhood favorites already under his belt (The Clam, Market Table), chef Mike Price delivers another well-tuned concept in the Mary Lane, where seasonal cuisine shines. Think the greenmarkets' best-in-class produce and a menu built on comfort.","https://maps.app.goo.gl/YALkCrZXwiJAa179A"
"ChIJx37KeNdZwokRyB6-AUDI1is","Le Garage","Bushwick","French","Sit-down","https://resy.com/cities/ny/le-garage?date=2023-03-29&seats=2","https://resizer.otstatic.com/v2/photos/wide-huge/1/24367887.jpg","$$",NA,"https://maps.app.goo.gl/fBp8orGDiekybD7MA"
"ChIJSc_3GIVYwokRh6OzVnCnh6g","Prohibition","Upper West Side","American","Sit-down","https://resy.com/cities/ny/prohibition-new-york?date=2023-04-01&seats=2","https://static.spotapps.co/website_images/ab_websites/119902_website/about_pg.jpg","$$","Supper club with Jazz Age-themed decor, a long cocktail list & nightly live music performances.","https://maps.app.goo.gl/D7jG2UaTRqfhPq8Z8"
"ChIJc71Q34VYwokRARHW9df6Zgs","Jin Ramen Upper West Side","Upper West Side","Ramen","Sit-down","Walk in Only","https://tb-static.uber.com/prod/image-proc/processed_images/a39a3454acf2aa49f615675c316fd177/fb86662148be855d931b37d6c1e5fcbe.jpeg","$$","Busy Japanese joint specializing in rice bowls & ramen noodle dishes in a casual atmosphere.","https://maps.app.goo.gl/kn7SwQGRoDVgJKHFA"
"ChIJ3cUFdpxZwokR6oOwbesBRXQ","Hasaki","East Village","Japanese","Sit-down","https://resy.com/cities/ny/hasaki?date=2023-04-07&seats=2","https://images.squarespace-cdn.com/content/v1/59bc0eee017db22a2ccbff0e/1702933799710-57IE9494EZIJ4YMBJBRB/P1045165.jpg","$$$","Buzzy Japanese restaurant serving sushi, steak & other traditional entrees since 1984.","https://maps.app.goo.gl/Qq39Le9RAoEXPbkB9"
"ChIJ9Yjyxk5ZwokRhq1BaK2T0eA","11 Tigers","East Village","Asian","Sit-down","https://resy.com/cities/ny/11-tigers?date=2023-04-07&seats=2","https://www.bestambiance.com/wp-content/uploads/2023/01/Screenshot-2023-01-13-152616-aspect-ratio-800-800.png","$$","11 Tigers is a speakeasy to know should you be out drinking in the East Village. Not only for its yadong-infused cocktails (a reputed Thai herbal liqueur), but for its exciting izakaya menu, where the cuisines of Japan and Thailand collide to delicious effect — think tom yum ramen, drunken (udon) noodles, and the like.","https://maps.app.goo.gl/yGmZxvv1oYRs5Wgn6"
"ChIJK48-E51ZwokRvAA-v6fx9y0","Cafe Mogador","Williamsburg","Mediterranean","Sit-down","https://resy.com/cities/new-york-ny/venues/cafe-mogador-williamsburg?date=2024-07-24&seats=2","https://travelfoodpeople.com/wp-content/uploads/2020/06/image-asset-892.jpeg","$$","Classic Moroccan flavors & outdoor seating draw a bohemian crowd to this neighborhood standby.","https://maps.app.goo.gl/X1x6a4fE8Kbchcf7A"
"ChIJ1-mW-LhbwokR7Ryv5ha-gzc","Diner","Williamsburg","American","Sit-down","https://resy.com/cities/ny/diner?utm_%3Futm_Paid%20&utm_medium=Search%20&utm_campaign=Reservationships_Evergreen&gclid=Cj0KCQjwuLShBhC_ARIsAFod4fKl_jCNl0Ak6XipO21U_z_J-KFLg-F85Ph6l3CCCZmz-kqo6OGPe7waAoErEALw_wcB&gclsrc=aw.ds&date=2023-04-05&seats=2","https://image.resy.com/3/003/2/2038/86548720a7c611dc5cb521501378b1e3aaba3cb3/jpg/1600x1600","$$","Serves diner food including pancakes and cheeseburgers with international influences, plus counter seating available.","https://maps.app.goo.gl/LN63P7w7w3iJMn7Z6"
"ChIJJXCD6ltZwokRJ_cwjKQH63c","Lilia","Williamsburg","Italian","Sit-down","https://resy.com/cities/new-york-ny/venues/lilia?date=2024-07-24&seats=2","https://images.getbento.com/accounts/7bf67b2820625f9f7c33d7b0403a8cca/media/yPESVGQ3ump0k9KQLUwj_Lilia-0741.jpg?w=1200&fit=crop&auto=compress,format&h=600","$$$","Converted auto-body shop offering wood-fired Italian fare, housemade pastas, and cocktails.","https://maps.app.goo.gl/VW49kxUc8Vj1o9x99"
"ChIJD6vUMlpZwokRSFeGSBW_gvU","Llama Inn","Williamsburg","Latin American","Sit-down","https://resy.com/cities/ny/llama-inn?date=2023-04-08&seats=2","https://res.cloudinary.com/the-infatuation/image/upload/v1656121705/cms/reviews/llama-inn/Llama__Inn_1.jpg","$$$","Restaurant for seasonal, shareable Peruvian dishes & Latin cocktails.","https://maps.app.goo.gl/ygspYUApL2gQsaqm8"
"ChIJE726doFZwokRvb1_kHKC9dk","DDOBAR by Joomak NYC","Chelsea","Asian","Sit-down","https://resy.com/cities/new-york-ny/venues/ddobar?date=2024-07-21&seats=2","https://image.resy.com/3/003/2/68098/330c38bccc46374bd6dc0910aa3902a1a293b8d1/jpg/1600x1600","$","Because yubu tarts from the critically acclaimed team behind Korean Chinese spot Joomak Banjum can’t be beat. Ddobar also serves an affordable 13-course omakase at this countertop spot that’s truly inventive and not to be missed.","https://maps.app.goo.gl/LkuPrbxRGsc8HSvY9"
"ChIJValK9JJZwokRuWsMUxsoE-E","Market Table","West Village","American","Sit-down","https://resy.com/cities/ny/market-table-nyc?date=2023-04-14&seats=2","https://goop-img.com/wp-content/uploads/2015/08/MarketTable2.jpg","$$$","Bustling New American eatery with huge windows & an emphasis on farm-fresh fare.","https://maps.app.goo.gl/DWGBsAju75REc4FM7"
"ChIJM2NCGJ1ZwokRA2nCkZcz08g","Màlá Project","East Village","Chinese","Sit-down","https://resy.com/cities/new-york-ny/venues/mala-project?date=2024-07-24&seats=2","https://res.cloudinary.com/the-infatuation/image/upload/q_auto,f_auto/cms/reviews/mala-project/banners/1557242225.75","$$","Cozy, hip spot featuring Chinese dry pot with a choice of spice level, plus appetizers and dim sum.","https://maps.app.goo.gl/YabKjtg14MACRMbk6"
"ChIJe_ZBhY1ZwokRGAEwGLWYpA8","Charlie Bird","SoHo","Italian","Sit-down","https://resy.com/cities/ny/charlie-bird?date=2023-04-15&seats=2","https://media.cntraveler.com/photos/5859aad8eaa56c5e65d43539/16:9/w_2560,c_limit/best-restaurants-NYC-Charlie-Bird-interior-2016.jpg","$$$","Hip, bi-level spot featuring Italian-accented New American fare and wine.","https://maps.app.goo.gl/3RVVSHDZNK1Cmi1KA"
"ChIJgx0sRypZwokRuk6Tjic2Q4g","Flipper's NYC","SoHo","Desserts","Sit-down","Walk in Only","https://static.wixstatic.com/media/d81ca1_349296bb0fb0406c885f01c7217e034a~mv2.png/v1/fill/w_280,h_280,q_75/d81ca1_349296bb0fb0406c885f01c7217e034a~mv2.png","$$","Bi-level cafe serving brunch favorites like their famous soufflé pancakes, coffee, and tea.","https://maps.app.goo.gl/t7gXaEY3W1z6Z7Vz9"
"ChIJkRWC9WFZwokRfa5Uzor3e-g","Sunday In Brooklyn","Williamsburg","American","Sit-down","https://resy.com/cities/new-york-ny/venues/sunday-in-brooklyn?date=2024-07-24&seats=2","https://media.timeout.com/images/105163845/image.jpg","$$","Atera alum's American restaurant with a marketplace, barroom & upstairs dining room & garden.","https://maps.app.goo.gl/NX7Wefs9erPpWF8AA"
"ChIJz0Bt0ldZwokR698-eT0Dh88","KRU Brooklyn","Williamsburg","Asian","Sit-down","https://resy.com/cities/ny/kru?date=2023-04-16&seats=2","https://resizer.otstatic.com/v2/photos/huge/2/58787161.jpg","$$","When the chef-owner behind Fish Cheeks delves into what Thailand’s royalty and aristocracy feasted on, you pay attention. And such is the case with Kru, which will surprise you with its treasure trove of old Thai recipes you’d be hard-pressed to find anywhere else in New York.","https://maps.app.goo.gl/NJhQeN1ZLx79KseM6"
"ChIJ4faAXmBZwokRebmpx9kQxx4","Le Crocodile","Williamsburg","French","Sit-down","https://resy.com/cities/ny/le-crocodile?date=2023-04-16&seats=2","https://cdn.vox-cdn.com/thumbor/0dQDR-KvkKYdkyNeFB_Lmeg3rPI=/1400x1400/filters:format(jpeg)/cdn.vox-cdn.com/uploads/chorus_asset/file/19765898/2020_01_31_Le_Crocodile_Read_McKendree_0012_V1.jpg","$$$","Sprawling spot at the Wythe Hotel serving French fare, wine & cocktails in an easygoing setting.","https://maps.app.goo.gl/Wq4NVdTJjz69zaLR9"
"ChIJDcyu2_9YwokRN2jyzlJQBWc","Kellari Taverna","Midtown","Mediterranean","Sit-down","https://www.opentable.com/r/kellari-taverna-new-york","https://images.sideways.nyc/4eBwaqvFN5Q9EWvBzhZnu2/kellari-taverna-1.jpg?auto=format&w=768&fit=crop","$$$","Grilled whole fish stars on a classic Greek menu at this bright, airy bistro with an expansive wine list.","https://maps.app.goo.gl/ykgJ5hDvDJanxKB69"
"ChIJ_zuGPv1YwokRPdpCK3wYGFg","Avra 48th st","Midtown","Mediterranean","Sit-down","https://resy.com/cities/new-york-ny/venues/avra-48thstreet?date=2024-07-24&seats=2","https://images.otstatic.com/prod1/43469019/1/huge.jpg","$$$","You’ll feel like you’re on the shores of the Aegean when you settle into your seat in this handsome wood-beamed dining room or, weather permitting, the brick-lined garden with its terra-cotta planters and ornate umbrellas. Avra’s menu offers a wide range of Greek specialties, with the focus definitely on seafood — including impeccable whole fish direct from Grecian waters.","https://maps.app.goo.gl/cZDvurTjAtPgeaPr9"
"ChIJK_nYHfBYwokR03Tv5S3dW1s","Avra Madison","Midtown","Mediterranean","Sit-down","https://resy.com/cities/new-york-ny/venues/avra-madison?date=2024-07-24&seats=2","https://vrconcierge.com/wp-content/uploads/2021/06/avra-madison-estiatorio-new-york-interior-7-768x511.jpg","$$$$","Upscale Greek seafood eatery with fresh fish by the pound, villa decor & expansive outdoor seating.","https://maps.app.goo.gl/NzRHwGdk9jGPh6Qx6"
"ChIJ-VwGucdZwokR7z37AtZgIVg","Avra Rockefeller Center","Midtown","Mediterranean","Sit-down","https://resy.com/cities/new-york-ny/venues/avra-rockefeller-center?date=2024-07-24&seats=2","https://image.resy.com/3/003/2/59999/f7ae52ce3370994f259962b368cf1cb4a5672cc5/jpg/1:1/1600","$$$$","This massive temple to fresh Greek seafood and specialties occupies the bottom three levels of what was once known as the historic Time/Life building near Rockefeller Center, and the food impresses as much as the spacious environs. Freshly caught whole fish are on abundant display, and you shouldn’t leave without at least one order of the Avra chips: paper-thin slices of fried zucchini and eggplant elegantly layered together atop a crisp white plate.","https://maps.app.goo.gl/SDevcHHkyoYBfmAj8"
"ChIJD-1a9ChawokRnTSi_Et62x4","Kiki's","Chinatown","Mediterranean","Sit-down","Walk in Only","https://c8.alamy.com/comp/TTER9B/kikis-130-division-street-new-york-ny-exterior-storefront-of-a-restaurant-in-manhattans-gentrifying-dimes-square-chinatownlower-east-side-TTER9B.jpg","$$","Straightforward Greek cuisine such as seafood & lamb served in warm digs with exposed-wood beams.","https://maps.app.goo.gl/GE7dV7UTwZsGQ2VG6"
"ChIJ16J3sV5fwokR9aR0wep6w0Q","Agnanti","Astoria","Mediterranean","Sit-down","Walk in Only","https://media-cdn.tripadvisor.com/media/photo-s/18/dc/c6/96/interior-is-very-attractive.jpg","$$","Cozy, charming taverna with a patio for grilled seafood & other Greek island-inspired fare.","https://maps.app.goo.gl/vtsS15VbkWzVE1RaA"
"ChIJhXfp8HVZwokRKCGfuDsTj9Y","Taverna Kyklades","Astoria","Mediterranean","Sit-down","Walk in Only","https://www.tavernakyclades.com/images/Astoria-Gallery/DP5_1408.jpg","$$","Classic Greek dishes, such as calamari & souvlaki, are served in an airy space with an open kitchen.","https://maps.app.goo.gl/HLf55dhMNtbNZnEy9"
"ChIJhXfp8HVZwokRKCGfuDsTj9Y","Taverna Kyklades East Village","East Village","Mediterranean","Sit-down","Walk in Only","https://www.tavernakyclades.com/images/Astoria-Gallery/DP5_1408.jpg","$$","Classic Greek dishes, such as calamari & souvlaki, are served in an airy space with an open kitchen.","https://maps.app.goo.gl/jvX4Qiar5jfSYeS46"
"ChIJfZrQSJ1ZwokREBcOmNf9lew","Pylos","East Village","Mediterranean","Sit-down","https://resy.com/cities/new-york-ny/venues/pylos?date=2024-07-24&seats=2","https://www.estiator.com/wp-content/uploads/2017/03/ESTIATOR-Pylos-Continue-to-Sparkle.jpg","$$$","Elevated Greek cuisine served in a snug spot with terra-cotta pots hanging from the ceiling.","https://maps.app.goo.gl/Cp5WFR1VmeST9LAcA"
"ChIJBYj8OUFZwokR7hltcrTKOCc","Nishida Sho-ten","Midtown","Ramen","Sit-down","Walk in Only","https://s3-media0.fl.yelpcdn.com/bphoto/-Hlwfp1cdWQQQ1zpw8z92w/348s.jpg","$$","Japanese noodle soups served in a cozy nook styled like a traditional, old-timey ramen shop.","https://maps.app.goo.gl/rQcMgeV7B4q7gQz2A"
"ChIJY6CJiVlZwokRUuEZJOmVFY8","ICHIRAN Ramen NY Times Square","Midtown","Ramen","Sit-down","Walk in Only","https://cdn.vox-cdn.com/thumbor/hgqpsRmvCu2JcJg3yE0bw4jOyEc=/0x0:5576x3718/1200x675/filters:focal(2342x1413:3234x2305)/cdn.vox-cdn.com/uploads/chorus_image/image/59095387/Ichiran_Midtown_West_15.0.jpg","$$","Informal ramen restaurant with a specialty for tonkotsu ramen in a pork bone broth.","https://maps.app.goo.gl/aHyGAQAtZ2oKg8HU7"
"ChIJCW5gj5ZZwokRtfK4UZxkcr4","Rosemary's","West Village","Italian","Sit-down","https://resy.com/cities/new-york-ny/venues/rosemarys?date=2024-07-24&seats=2","https://images.ctfassets.net/1aemqu6a6t65/7b1UeMgBYvVb6M2q51rWAu/aec58bfc39e50a6a0f27d12f67c53b03/rosemarys-west-village-manhattan-photo-courtesy-03","$$","Airy hotspot with a rooftop farm, serving seasonal Italian dishes, house-made pastas, and notable wines.","https://maps.app.goo.gl/m4AHqovDYD47X5DHA"
"ChIJqfd3jX9ZwokRS1hCsvCFcE8","Rosemary's East","Midtown","Italian","Sit-down","https://resy.com/cities/new-york-ny/venues/rosemarys-east?date=2024-07-24&seats=2","https://images.squarespace-cdn.com/content/v1/5b3a3ff71aef1dfb9b909d92/1655746315480-AZRUPOTRC75BJT67THGL/Website+Rosemarys.png","$$","Sourdough pizzas, handmade pastas, and a spritz bar in a spacious and bright eatery with outdoor seating.","https://maps.app.goo.gl/CG5mCxCrvaERzd6K7"
"ChIJ5wNF_JZZwokRdHf_CE95YJc","Osteria 57","West Village","Italian","Sit-down","https://resy.com/cities/new-york-ny/venues/osteria-57?date=2024-07-25&seats=2","https://d2dzi65yjecjnt.cloudfront.net/1197482.jpeg","$$$","Cozy, rustic Italian restaurant with two bars and a private outdoor table, offering seafood and vegetarian dishes, plus cocktails.","https://maps.app.goo.gl/jSCwArPyg44LX6Cy9"
"ChIJDRP5JJZZwokR67scSsTR4jY","Alice","West Village","Italian","Sit-down","https://resy.com/cities/new-york-ny/venues/alice-restaurant-nyc?date=2024-07-25&seats=2","https://images.ctfassets.net/1aemqu6a6t65/1HJo6fWxYkF8WpaH3PVhu4/7f983745bc903cdd4056d072d9919d74/2-alice-rw-west-village-manhattan-nyc-courtesy-alice?w=1200&h=800&q=75","$$$","Italian seafood restaurant located in the basement of a historical brownstone.","https://maps.app.goo.gl/P1JXF5JT5FhJWYtEA"
"ChIJlQbeXYxZwokRnKjjqj-xmxM","Piccola Cucina Estiatorio","SoHo","Italian","Sit-down","https://www.opentable.com/r/piccola-cucina-estiatorio-newyork","https://dynamic-media-cdn.tripadvisor.com/media/photo-o/16/9f/fd/63/piccola-cucina-estiatorio.jpg?w=1200&h=-1&s=1","$$","Piccola Cucina Estiatorio offers typical Sicilian food.","https://maps.app.goo.gl/35s8qZYtrnBdPRTU6"
"ChIJowhlWYxZwokRgrvA8f_x8Es","Piccola Cucina Osteria Siciliana","SoHo","Italian","Sit-down","https://www.opentable.com/r/piccola-cucina-osteria-spring-st-new-york","https://images.otstatic.com/prod1/45923938/3/huge.jpg","$$","Simple Italian outpost serving salads & homestyle pastas along with an extensive wine list.","https://maps.app.goo.gl/zLJCE7mkXDMw25GE6"
"ChIJZdSBiO9YwokRWADMuEN-b64","Piccola Cucina Uptown","Midtown","Italian","Sit-down","https://www.opentable.com/r/piccola-cucina-uptown-new-york","https://images.otstatic.com/prod1/46690908/3/huge.jpg","$$","Friendly service with a buzzy atmosphere, all in a typical Italian restaurant setting. It is matched by home cooking like you would expect to eat in Italy, which is one of the keys to the success of the restaurant. Fully renovated in 2021 the location looks warm and cozy.","https://maps.app.goo.gl/5zGaqrY3w33k9jCT9"
"ChIJR9legAFZwokRY2BpDp3jsNc","Cipriani Dolci","Midtown","Italian","Sit-down","https://resy.com/cities/new-york-ny/venues/cipriani-dolci?date=2024-07-25&seats=2","https://static.wixstatic.com/media/a4d0a3_eca5ca568795493b9e85a01bb5ab18b2~mv2.jpg/v1/fill/w_560,h_340,al_c,q_80,usm_0.66_1.00_0.01,enc_auto/Dolci%202.jpg","$$$","Upscale scene where an international crowd tucks into Italian food chased with Bellinis.","https://maps.app.goo.gl/5DzCEemcdNcZbaKo7"
"ChIJcWoDq4BZwokRFDtV51j09Hg","Kossar's Bagels & Bialys","Lower East Side","Deli & Bagel","Fast and casual","Walk in Only","https://static.spotapps.co/website_images/ab_websites/40161_website_v1/about_img_1.jpg","$","Refurbished institution (since 1936) preparing kosher bialys, bagels, sandwiches & babka.","https://maps.app.goo.gl/bAYvgxcFBPVrfL8aA"
"ChIJCar0f49ZwokR6ozLV-dHNTE","Katz's Delicatessen","Lower East Side","Deli & Bagel","Sit-down","Walk in Only","https://pyxis.nymag.com/v1/imgs/47c/184/cd85eacee600f8d4624b78907d58c3210c-katzs-delicatessen-01.rsocial.w1200.jpg","$$","No-frills deli with theatrically cranky service serving mile-high sandwiches since 1888.","https://maps.app.goo.gl/AAxohWRDxt1qxxB37"
"ChIJDaPso0ZZwokRCZ_P67ZMVMI","Russ & Daughters","Lower East Side","Deli & Bagel","Fast and casual","Walk in Only","https://images.squarespace-cdn.com/content/v1/56200fcee4b02025054662d7/1475948884356-LTLH08JSSIALBBH2S1J8/russ-and-daughters-the-welcome-blog","$$","Petite counter-service pizzeria with an old-school vibe offering pies, Italian entrees & sandwiches.","https://maps.app.goo.gl/wbASJWjeTTTifv2Q9"
"ChIJR_f8ggZZwokRdfXSsyN0IGU","Sarge's Delicatessen & Diner","Midtown","Deli & Bagel","Fast and casual","Walk in Only","https://img.cdn4dd.com/cdn-cgi/image/fit=cover,width=600,height=400,format=auto,quality=80/https://doordash-static.s3.amazonaws.com/media/store/header/20644.jpg","$$","Pastrami, matzo ball soup & other Jewish deli fare are found at this updated diner.","https://maps.app.goo.gl/RootnW4BMvNm2oCc8"
"ChIJZyVQJONYwokREKv0a1J7bFI","Ess-a-Bagel","Midtown","Deli & Bagel","Fast and casual","Walk in Only","https://gothammag.com/get/files/image/galleries/bagel.jpg","$","Bustling cafe serving up bagels (with very large toppings selections) & made-to-order sandwiches.","https://maps.app.goo.gl/XmhU3htxxiKdStZy9"
"ChIJ_Tdk93dZwokRNLDg-X91U7s","Ess-a-Bagel","Midtown","Deli & Bagel","Fast and casual","Walk in Only","https://gothammag.com/get/files/image/galleries/bagel.jpg","$$","Bustling cafe serving up bagels (with very large toppings selections) & made-to-order sandwiches.","https://maps.app.goo.gl/RNHEgGLZDSpcKUDy6"
"ChIJw1tqJgtZwokRqQLff0JEDQU","Ess-a-Bagel","Gramercy Park","Deli & Bagel","Fast and casual","Walk in Only","https://gothammag.com/get/files/image/galleries/bagel.jpg","$","Bustling cafe serving up bagels (with very large toppings selections) & made-to-order sandwiches.","https://maps.app.goo.gl/dFyb9W1TcbsEpF7g7"
"ChIJUQobIldbwokRVf1P1kqypSI","Ess-a-Bagel","DUMBO","Deli & Bagel","Fast and casual","Walk in Only","https://gothammag.com/get/files/image/galleries/bagel.jpg","$$","Bustling cafe serving up bagels (with very large toppings selections) & made-to-order sandwiches.","https://maps.app.goo.gl/wKSHUdXqhgPwdJzu8"
"ChIJEXPLsaFZwokRggZzIVKeiPM","Mission Ceviche","Upper East Side","Latin American","Sit-down","https://resy.com/cities/new-york-ny/venues/mission-ceviche?date=2024-07-25&seats=2","https://nypost.com/wp-content/uploads/sites/2/2022/04/220425_Yang_NYP_Features___Credit_Card_Fees___Mission_Cevic.jpg","$$","Sit-down branch of a fast casual mini-chain serving Peruvian fare with a focus on ceviche.","https://maps.app.goo.gl/NdrEbq7LZjyZqcay8"
"ChIJP8URcY5ZwokRhFpdfNcK-FI","Sadelle's","SoHo","Deli & Bagel","Sit-down","https://resy.com/cities/new-york-ny/venues/sadelles?date=2024-07-25&seats=2","https://media.cntraveler.com/photos/5a821cc6fc08c0430e845e4a/16:9/w_2560%2Cc_limit/Sadelles__2018_Sadelle-Restaurant.jpg","$$$","Smoked fish, housemade bagels & other appetizing fare offered in a buzzy, vintage-style spot.","https://maps.app.goo.gl/Wkh7uxLw46nrhH249"
"ChIJUdr25A9ZwokR2RUc0r2dJMo","Artichoke Basille's Pizza","Midtown","Pizza","Fast and casual","Walk in Only","https://www.restaurantmagazine.com/wp-content/uploads/2021/05/Artichoke-Basilles-Pizza-to-Celebrate-Grand-Opening-of-New-Phoenix-Location-on-May-21.jpg","$$","Patrons line up into the wee hours to snag signature artichoke pizza from this counter-service spot.","https://maps.app.goo.gl/zDriA35kTiD2F3ox8"
"ChIJ10EpKJJZwokRUjIWaunOQbI","Artichoke Basille's Pizza","Greenwich Village","Pizza","Fast and casual","Walk in Only","https://www.restaurantmagazine.com/wp-content/uploads/2021/05/Artichoke-Basilles-Pizza-to-Celebrate-Grand-Opening-of-New-Phoenix-Location-on-May-21.jpg","$$","Patrons line up into the wee hours to snag signature artichoke pizza from this counter-service spot.","https://maps.app.goo.gl/RGwRwDXE8MPdFGVb7"
"ChIJEWDhF55ZwokRx4atQITM9VU","Artichoke Basille's Pizza","East Village","Pizza","Fast and casual","Walk in Only","https://www.restaurantmagazine.com/wp-content/uploads/2021/05/Artichoke-Basilles-Pizza-to-Celebrate-Grand-Opening-of-New-Phoenix-Location-on-May-21.jpg","$$","Patrons line up into the wee hours to snag signature artichoke pizza from this counter-service spot.","https://maps.app.goo.gl/yj2KkzjjbRkPe4eAA"
"ChIJw6TmVsdZwokRPKQwKL-ZsII","Artichoke Basille's Pizza","Chelsea","Pizza","Fast and casual","Walk in Only","https://www.restaurantmagazine.com/wp-content/uploads/2021/05/Artichoke-Basilles-Pizza-to-Celebrate-Grand-Opening-of-New-Phoenix-Location-on-May-21.jpg","$$","Patrons line up into the wee hours to snag signature artichoke pizza from this counter-service spot.","https://maps.app.goo.gl/4xdYjS1SxGiC1kNF6"
"ChIJtSV6p65bwokRWxhrRS6USqk","Artichoke Basille's Pizza","Boerum Hill","Pizza","Fast and casual","Walk in Only","https://www.restaurantmagazine.com/wp-content/uploads/2021/05/Artichoke-Basilles-Pizza-to-Celebrate-Grand-Opening-of-New-Phoenix-Location-on-May-21.jpg","$$","Patrons line up into the wee hours to snag signature artichoke pizza from this counter-service spot.","https://maps.app.goo.gl/h4gkCaPvP2dNhACGA"
"ChIJs8MdNo9ZwokRTPUHiArLC-o","Rubirosa","Little Italy","Pizza","Sit-down","https://resy.com/cities/new-york-ny/venues/rubirosa?date=2024-07-25&seats=2","https://d2sygdwsqncsjz.cloudfront.net/783253-3.jpeg","$$","Casual spot serving reinvented Italian-American classics and thin-crust pizzas, including the standout Tie Dye pizza, in a cozy space.","https://maps.app.goo.gl/TCbXvWRf638NMfdo9"
"ChIJJShUrP5YwokRAwaeDZZccMw","Limani","Midtown","Mediterranean","Sit-down","https://www.opentable.com/limani-nyc","https://res.cloudinary.com/gonation/image/upload/w_2500/q_auto/f_auto/v1619118745/sites/limani/DSC41171.jpg","$$$","Upscale Greek-Mediterranean restaurant with a large seafood-focused menu & spacious, chic digs.","https://maps.app.goo.gl/eApN31RF5itsxT6P6"
"ChIJ34SOS_9YwokR7vXpNdS9tZ8","Oceana","Midtown","Seafood","Sit-down","https://www.opentable.com/oceana","https://images.otstatic.com/prod1/32188749/3/huge.jpg","$$$$","Vast, elegant upscale restaurant featuring innovative American seafood & an extensive wine list.","https://maps.app.goo.gl/ZUqBnnTtivYCsrJG8"
"ChIJeSToyohZwokRVHVIMsXPIUk","Ruby's Cafe - SOHO","SoHo","Other","Sit-down","Walk in Only","https://media.licdn.com/dms/image/C4D1BAQEjTGLqqBawLQ/company-background_10000/0/1612205001286/rubys_cafe_cover?e=2147483647&v=beta&t=M6C0aKMgo5aaKcJvnutFsWyDI2i8LLJujyl7ocQSGGI","$$","Petite Australian cafe luring a stylish crowd with vegemite toast and beef-topped burgers.","https://maps.app.goo.gl/UuQxG1tLWd5LnoFy7"
"ChIJm7ryTglZwokRsgnJB6CDMCo","Wayan","SoHo","Asian","Sit-down","https://resy.com/cities/new-york-ny/venues/wayan?date=2024-07-25&seats=2","https://assets.simpleviewinc.com/simpleview/image/upload/crm/newyorkstate/Wayan_224_3F7C1E50-93AA-4048-8D48FB7230C5F16A_763dec26-02d0-a0d8-85476466c253a698.jpg","$$$","French-accented Indonesian menu created by celebrated chef Jean-Georges' son Cédric Vongerichten is served in a sleek setting.","https://maps.app.goo.gl/8C2nKWFZgwiexSeJ7"
"ChIJlfNObvVZwokRYKVKPX21uOU","Mr Chow","Midtown East","Chinese","Sit-down","https://www.opentable.com/r/mr-chow-57th-new-york","https://d7hftxdivxxvm.cloudfront.net/?quality=80&resize_to=width&src=https%3A%2F%2Fartsy-media-uploads.s3.amazonaws.com%2FLSB7UsYPs4qGieWji1Z-wA%252F57th%2Binterior%2B2.jpg&width=450","$$$$","Noodles, dumplings & other upscale Chinese fare served by white-jacketed waiters in posh space.","https://maps.app.goo.gl/qv8iMeZMcgay4DPk6"
"ChIJgWmOm_VZwokRSUIfoxNB9ng","Yves","Tribeca","French","Sit-down","https://www.opentable.com/r/yves-new-york","https://images.getbento.com/accounts/b1326df07949e7dee811201cf91a77a7/media/images/634730K5A7272-Edit-Edit.jpg?w=1000&fit=crop&auto=compress,format&h=562","$$","Casually hip hangout offers an unpretentious American menu plus craft cocktails in a snug space.","https://maps.app.goo.gl/G6rcwwkBguCZkgjt7"
"ChIJTWkuhfVZwokRS_go-fdp7Vs","Locanda Verde","Tribeca","Italian","Sit-down","https://www.opentable.com/r/locanda-verde-new-york-2","https://www.nydailynews.com/wp-content/uploads/migration/2009/07/07/SMWY7G3VY3WUYVLSTOQOKRQPDE.jpg?w=535","$$$","TriBeCa hot spot showcasing rustic Italian cuisine in a lively atmosphere.","https://maps.app.goo.gl/vzb7TPBhJ6nRNaQH6"
"ChIJp0gKoClawokR0txqrcaEkFc","Jajaja Mexicana","Lower East Side","Vegan & Vegetarian","Sit-down","https://resy.com/cities/new-york-ny/venues/jajaja-mexicana-lower-east-side?date=2024-07-27&seats=2","https://media-cdn.tripadvisor.com/media/photo-s/1d/4f/fd/8a/caption.jpg","$$","Contemporary Mexican spot with a colorful, all-vegan menu, plus tequila & mezcal cocktails.","https://maps.app.goo.gl/VyB5bu34VDFtztBm8"
"ChIJaXwp6UBbwokR1Ki9x6-BIug","The Fulton by Jean-Georges","FiDi","Seafood","Sit-down","https://resy.com/cities/new-york-ny/venues/the-fulton-by-jean-georges?date=2024-07-21&seats=2","https://image.resy.com/3/003/2/5932/564d5dec6c08178571a7c7a2edb1df5bb48820b7/jpg/1600x1600","$$$$","Waterfront restaurant preparing a modern menu of wild-caught seafood paired with seasonal cocktails.","https://maps.app.goo.gl/Cjb2KvA3hXC5gBE4A"
"ChIJAyVma5JZwokRshEz41zHkHs","Bar Pitti","Greenwich Village","Italian","Sit-down","Walk in Only","https://www.behindthescenesnyc.com/wp-content/uploads/2017/07/Nightlife-Bars-Bar-Pitti-West-Village.jpg","$$","Blackboard specials supplement the small menu at this Italian spot known for its glamorous crowd.","https://maps.app.goo.gl/XoWWP2JNh5t8mQ8s6"
"ChIJV7QQ6kdZwokRax4615zpSGU","Le Bernardin","Midtown","French","Sit-down","https://resy.com/cities/new-york-ny/venues/le-bernardin?date=2024-07-27&seats=2","https://res.cloudinary.com/the-infatuation/image/upload/v1656116808/cms/DavidALee_Le_Bernardin_Interior_001.jpg","$$$$","Elite French restaurant offers chef Eric Ripert's refined seafood, expert service & luxurious decor.","https://maps.app.goo.gl/XUfQ6xJreCsMoYJ76"
"ChIJQ1ZCUkRZwokRYKlkqQijGHg","Forma Pasta Factory","Greenpoint","Italian","Sit-down","Walk in Only","https://img.cdn4dd.com/cdn-cgi/image/fit=cover,width=600,height=400,format=auto,quality=80/https://doordash-static.s3.amazonaws.com/media/store/header/273273.jpg","$$","Cheerful venue for dishes featuring pasta made behind the counter and flash-boiled to order.","https://maps.app.goo.gl/zA3KrhmrM4E4tsZ58"
"ChIJBwGziqlZwokRb3MTH3xUt0Y","Tonchin NEW YORK","Midtown","Ramen","Sit-down","https://resy.com/cities/new-york-ny/venues/tonchin-new-york?date=2024-07-27&seats=2","https://assets-global.website-files.com/5e58664f0ded3a1a94864e3c/5ed8adb22fd397caad09c3ac_tonchin%20HP_1.jpg","$$","Branch of a Tokyo-based chain specializing in tonkotsu ramen, griddled dishes, and fried chicken.","https://maps.app.goo.gl/JyYV3tCmuGWBfdG18"
"ChIJv_vCZ6JZwokR_2lI72wJsl0","Laut","Union Square","Asian","Sit-down","https://resy.com/cities/new-york-ny/venues/laut?date=2024-07-27&seats=2","https://res.cloudinary.com/the-infatuation/image/upload/q_auto,f_auto/NYC_LautSingapura_PRphotos_01_xvxbkc","$$","Southeast Asian eatery with exposed brick serving fare from Thailand, Malaysia, Singapore & beyond.","https://maps.app.goo.gl/SzZTVn8KnoAYtPPR9"
"ChIJ4_kdpBBZwokR7rsYae4xCxI","Roscioli NYC","SoHo","Italian","Sit-down","https://resy.com/cities/new-york-ny/venues/roscioli-tasting-menu?date=2024-07-27&seats=2","https://cdn.vox-cdn.com/thumbor/rnX26f1VqmbuBCG2hxnYi77LmwY=/0x0:4000x3000/1200x0/filters:focal(0x0:4000x3000):no_upscale()/cdn.vox-cdn.com/uploads/chorus_asset/file/24785049/230711_ROSCIOLI_EATER_022.jpg","$$","The famed Roscioli in Rome — yes, that one — is now in the heart of New York’s Soho neighborhood, courtesy of what was once one of our favorite dinner party destinations, Niche Niche. Upstairs you’ll find a la carte options and gourmet ingredients galore; downstairs, they serve an incredible tasting menu that shows you exactly why Roscioli is so beloved. Note: reservations are only required for the downstairs tasting menu.","https://maps.app.goo.gl/5ZVkpkY1BSzw5Ppp9"
"ChIJp5ZUdGlZwokR9QomdJsja7A","Kebab Aur Sharab","Upper West Side","Indian","Sit-down","https://resy.com/cities/new-york-ny/venues/kebab-aur-sharab?date=2024-07-27&seats=2","https://www.amny.com/wp-content/uploads/2022/12/DSC07314-HDR-scaled.jpg","$$","Salil Mehta, the chef and restaurateur behind some of the city’s most celebrated Southeast Asian restaurants (Laut, Laut Singapura, Singlish, and Wau) turns his focus to his hometown of New Delhi, and to street food at this Upper West Side gem with its own tandoor clay oven. Don’t sleep on the dori kebab, the rogan josh made with steak, or the Malabar bone marrow pulau.","https://maps.app.goo.gl/gurbyMfjnetnfGcx5"
"ChIJ7yN3d6tZwokRATR9U3lAqLg","Putlock Club","Lower East Side","Chinese","Sit-down","https://resy.com/cities/new-york-ny/venues/potluck-club?date=2024-07-27&seats=2","https://blog.resy.com/wp-content/uploads/2022/08/DSCF9246-2000x1125.jpg","$$","Chefs (and brothers) Zhan Chen and Peter Chen have devised a Cantonese American menu that’s both familiar and also unexpected: Think Southern-style scallion biscuits paired with salt-and-pepper chicken, and tiger shrimp with walnuts, tossed in a Calabrian chile aioli.","https://maps.app.goo.gl/pj9bsMUFVX3a26SF8"
"ChIJJ4WSJoZZwokRJVJJaTVLn1o","Popup Bagels","Greenwich Village","Bakery","Fast and casual","Walk in Only","https://i0.wp.com/xtalks.com/wp-content/uploads/2023/10/PopUp-Bagels-image-scaled.jpg?fit=2560%2C1920&ssl=1","$$",NA,"https://maps.app.goo.gl/bq99SfgYdmT8FR3d6"
"ChIJgTIQRVlZwokRyaPuZMcpHF0","elNico","Williamsburg","Mexican","Sit-down","https://resy.com/cities/new-york-ny/venues/elnico-restaurant?date=2024-07-21&seats=2","https://image.resy.com/3/003/2/69006/ab2097cf3ec7a8d4e5a2922f37600a5a30d17e08/jpg/1600x1600","$$","It would be a travesty not to order one of the expertly made cocktails (zero-proof included) at this rooftop restaurant helmed by a trio of NoMad veterans, as would overlooking the whimsical, creative menu — a personal and lovely ode to the food and culture of Latin American diaspora.","https://maps.app.goo.gl/wXBmTYm1qBt47wGe8"
"ChIJlWIymCBZwokRQMYxkk_fBmE","Sonnyboy","Lower East Side","Other","Sit-down","https://resy.com/cities/new-york-ny/venues/sonnyboy?date=2024-07-29&seats=2","https://images.getbento.com/accounts/fc65f97b5e66be9971314f77c13e05a9/media/images/2652169074DSC040081.jpg?w=1200&fit=crop&auto=compress,format&h=600","$$","Hip gathering place serving seasonally-driven plates and cocktails along with happy hour.","https://maps.app.goo.gl/T8cjRKKYb7W26f8w7"
"ChIJ8U_F9b9ZwokRTaHyDKWRNSg","Pastis","Meatpacking","French","Sit-down","https://resy.com/cities/new-york-ny/venues/pastis?date=2024-07-29&seats=2","https://static01.nyt.com/images/2019/06/05/dining/04off/04off-superJumbo.jpg","$$$","Theatrical evocation of Paris featuring bistro food & high-energy atmospherics from a chic crowd.","https://maps.app.goo.gl/bcMEou7bYU6Aoni88"
"ChIJ-QdPsgZfwokR2kHn-uwWJ0s","Tawa Roti Dhaulagiri Food","Jackson Heights","Asian","Sit-down","Walk in Only","https://static01.nyt.com/images/2014/02/19/dining/20140219-HUNGRY-slide-JCCC/20140219-HUNGRY-slide-JCCC-superJumbo.jpg","$",NA,"https://maps.app.goo.gl/5psxKgy7EpNEzCr89"
"ChIJh5G77qhfwokRQxa2rO4j0eE","Jahn’s","Jackson Heights","Diner","Sit-down","Walk in Only","https://res.cloudinary.com/the-infatuation/image/upload/c_scale,w_1200,q_auto,f_auto/images/NYC_Jahn_s_WillaMooreiPhoneContent_EDIT_01_ict179","$$","Last outpost of a storied chain featuring old-fashioned decor, American food & ice cream sundaes.","https://maps.app.goo.gl/eANTGmVYR55AfRsv6"
"ChIJtSHevTz2wokR1jY59paKMww","Marlow & Sons","Williamsburg","American","Sit-down","https://resy.com/cities/new-york-ny/venues/marlow-and-sons?date=2024-07-21&seats=2","https://image.resy.com/3/003/2/417/b135bb3a872c65cec8484111e8a2970016d685a7/jpg/1600x1600","$$$","Refined restaurant with outdoor seating serving thoughtfully sourced Mediterranean dishes.","https://maps.app.goo.gl/G5pdSjpYaAY7hBwHA"
"ChIJNW-_KVRZwokRxLLshZZoadQ","Trattoria One Fifth","NoHo","Italian","Sit-down","https://resy.com/cities/new-york-ny/venues/one-fifth-ny?date=2024-07-29&seats=2","https://image.resy.com/3/003/2/64111/f9d1fddafd601447de317a8f2c842888add54b78/jpg/1600x1600","$$","Old-fashioned restaurant offering Italian-inspired meals & cocktails, plus happy-hour specials.","https://maps.app.goo.gl/GMwKoKFEfHG3PAu98"
"ChIJSyYvYZRZwokR6tWSvOA2xXw","Fairfax","Greenwich Village","Other","Sit-down","https://resy.com/cities/new-york-ny/venues/fairfax?date=2024-07-29&seats=2","https://resy.com/cities/new-york-ny/venues/fairfax?date=2024-07-29&seats=2","$$","Easygoing all-day cafe & bar offering classic & inventive eats, plus wines, beers & cocktails.","https://maps.app.goo.gl/7BoA1khNMywET2Em6"
"ChIJyaTH_pRbwokRp4SVDyxdALw","Ernesto’s","Lower East Side","Other","Sit-down","https://resy.com/cities/new-york-ny/venues/ernestos?date=2024-07-29&seats=2","https://media.cntraveler.com/photos/5e595fdd17b1dc0008f2fbb5/16:9/w_2560,c_limit/Bar%20Select.jpg","$$","A daily-changing menu of pintxos, mains & desserts is served in a relaxed space with globe lights.","https://maps.app.goo.gl/MkXhjiPVTt3E1pXU7"
"ChIJHUrr2YdZwokR4fOebsAwpiQ","Sake No Hana","Bowery","Japanese","Sit-down","https://www.opentable.com/r/sake-no-hana-new-york","https://resizer.otstatic.com/v2/photos/wide-xlarge/3/50532384.webp","$$$","Occupying a dramatic, festive space beneath the catwalk entry of Moxy Lower East Side, Japanese restaurant Sake no Hana serves free-spirited izakaya dishes invigorated with New York attitude. With a shareable menu of grilled teppanyaki dishes, yakitori skewers, Wagyu beef, creative sushi rolls, and a curated list of sakes, beers, and cocktails highlighting Japanese spirits. The space buzzes with alluring energy perfect for any celebration.","https://maps.app.goo.gl/GWj2RDj3StvRBJYL7"
"ChIJRUXf9uBZwokR9WS3NBhSjYk","KYU NYC","NoHo","Asian","Sit-down","https://resy.com/cities/new-york-ny/venues/kyu?date=2024-07-29&seats=2","https://image.resy.com/3/003/2/64154/cd16bd1ea89d025620cddda3d0b864d5ad248c35/jpg/1600x1600","$$","You’ll want to share the masterly modern Asian fare at this casually opulent import from Miami — from the crispy rice dishes to the uncommon vegetarian fare to the wood-fired meats — with somebody special.","https://maps.app.goo.gl/RQRBWzwcw8a4opEs8"
"ChIJa6MvoQdZwokRZ4gArGw2orw","Tatsuda Omakase","Hell's Kitchen","Sushi","Sit-down","https://resy.com/cities/new-york-ny/venues/tatsuda-omakase?date=2024-07-29&seats=2","https://cdn.checkle.com/venuePhotos/-Ngc635vGS8s9LEjRb5f/cb504bdf-ab85-4f7c-b75b-83f92134175b_1200x1200","$$$","Tatsuda NYC is a sophisticated harmony of Japanese cuisine and New Yorkers ingenuity. Celebrated for its amusing devotion for sushi and understated elegance, art, and passion in hospitality and modern sensibilities underscore a quintessential dining experience.","https://maps.app.goo.gl/nNqR7eZwshu3HHsb9"
"ChIJIwqX_VBawokRu1FyN2OVoh4","Leyenda","Boerum Hill","Latin American","Sit-down","https://www.leyendabk.com/reservations","https://media.cntraveler.com/photos/5d236c5cec86ec0008752aa7/16:9/w_2560,c_limit/00-NYC-2019-Leyenda_Interiors-063.jpg","$$","Inventive cocktails made with Latin spirits plus Mexican bites in a brick-walled space.","https://maps.app.goo.gl/naHup84duQjgEVEP6"
"ChIJ1-mW-LhbwokR7Ryv5ha-gzc","Golden Diner","Chinatown","Diner","Sit-down","https://resy.com/cities/new-york-ny/venues/golden-diner?date=2024-07-30&seats=2","https://media.timeout.com/images/105545316/750/422/image.jpg","$","Serves diner food including pancakes and cheeseburgers with international influences, plus counter seating available.","https://maps.app.goo.gl/z2xAAiZzr5pnrqzR6"
"ChIJubHjIlVZwokRaiUpZRO1rgE","Dante West Village","West Village","Seafood","Sit-down","https://resy.com/cities/new-york-ny/venues/dante-west-village?date=2024-07-30&seats=2","https://img-us.didaudo.net/us-res/000/050/50433.jpg?output=webp&fit=cover&w=800&h=600","$$$","Celebrated, stylish seafood & grill restaurant offshoot with an aperitivo bar & a terrace.","https://maps.app.goo.gl/fArfX4DRreMcFetY7"
"ChIJ7cBjmSZZwokRC7PaUNOcmJ0","Mel’s","Chelsea","Pizza","Sit-down","https://resy.com/cities/new-york-ny/venues/mels?date=2024-07-30&seats=2","https://res.cloudinary.com/the-infatuation/image/upload/v1660938648/images/Mel_s-Disco_Pizza_Oven-Adrian_Gaut_scnltn.jpg","$$","Now here’s a pizzeria with an all-star team in charge: Melissa Rodriguez, former executive chef at the elegantly Italian Del Posto (now closed); and ex-Del Posto general manager Jeff Katz. The two have taken over the old Del Posto space, and Mel’s is just the start of what they plan to do with it. The wood-oven pizzas are irresistible — but save room for a gelato sundae.","https://maps.app.goo.gl/NmrD5CwvumLddKKHA"
"ChIJfS6RWp1ZwokRHRCIiP-IApE","Yuca Bar","Alphabet City","Latin American","Sit-down","https://www.opentable.com/r/yuca-bar-new-york","https://resizer.otstatic.com/v2/photos/wide-xlarge/3/55387081.webp","$$","Creative Pan-Latin fare served in a lively space with open-window seating & a popular happy hour.","https://maps.app.goo.gl/N5LfjZHdYR6Vd94y7"
"ChIJ8UxZqPxYwokRQSC7-Qoeea0","The Grill","Midtown","Steakhouse","Sit-down","https://resy.com/cities/new-york-ny/venues/the-grill-ny?date=2024-07-21&seats=2","https://image.resy.com/3/003/2/10389/e72c0cbbb93effb88be1632bcbf7f6d824b200b8/jpg/1600x1600","$$$$","Midcentury style steakhouse in the iconic Seagram Building, serving classic dishes and cocktails.","https://maps.app.goo.gl/r6AMNhCfmMZGDrNT7"
"ChIJRQqJgYVZwokRfJB16sxh1Pg","Emilio’s Ballato","NoLiTa","Italian","Sit-down","https://www.opentable.com/r/ballatos-new-york","https://media.timeout.com/images/105700233/750/422/image.jpg","$$$","Old-school waiters set the tone at this longtime Italian restaurant and celebrity hangout.","https://maps.app.goo.gl/3D7EMFfeZirVYNaw5"
"ChIJt_HATrRbwokREfGhs1PnzwQ","Au Cheval","Tribeca","American","Sit-down","https://resy.com/cities/new-york-ny/venues/au-cheval-nyc?date=2024-07-30&seats=2","https://auchevalnyc.com/wp-content/uploads/1020517.jpeg","$$","Restaurant featuring leather booths and a zinc bar, serving creative American fare.","https://maps.app.goo.gl/8sVjTgcsqojdhVvSA"
"ChIJ4Rw7sVhZwokRJuSZSI0jb4A","Momoya Soho","SoHo","Japanese","Sit-down","https://resy.com/cities/new-york-ny/venues/momoya-soho?date=2024-07-30&seats=2","https://image.resy.com/3/003/2/59558/eb836fc8c96bdaeac0b3064e4da626745fa8adf9/jpg/1600x1600","$$","This stylish sushi specialist serves traditional & inventive Japanese fare amid eye-catching decor.","https://maps.app.goo.gl/jSg5kP8hcYjoCeyB9"
"ChIJa7XRZbtZwokRBZtNy1-JaGE","Momoya Chelsea","Chelsea","Japanese","Sit-down","Walk in Only","https://momoyanyc.com/images/aboutus_chelsea.jpg","$$","This stylish sushi specialist serves traditional & inventive Japanese fare amid eye-catching decor.","https://maps.app.goo.gl/945U1sXKAyp4hAUZA"
"ChIJgTrKAYZYwokRrLF7JiGwdNM","Momoya Upper West","Upper West Side","Japanese","Sit-down","https://www.opentable.com/r/momoya-new-york-2","https://momoyanyc.com/images/aboutus2.jpg","$$","This stylish sushi specialist serves traditional & inventive Japanese fare amid eye-catching decor.","https://maps.app.goo.gl/7WaVXToDmgbA54Vr8"
"ChIJ63L1ISRZwokRyEGTzZ0gAZM","Ma•dé","NoLiTa","Seafood","Sit-down","https://resy.com/cities/new-york-ny/venues/ma-de-nyc?date=2024-07-21&seats=2","https://image.resy.com/3/003/2/65129/2283d54a7df45e8a56177bf228e4025ecda2e0c3/jpg/1600x1600","$$$","Ma•dé, from the same duo behind Wayan, takes a global perspective on local fare, drawing inspiration from around the world, including Indonesia, Japan, France, and the Americas. Don’t sleep on the array of seafood dishes from chef Cedric Vongerichten.","https://maps.app.goo.gl/kapCuSq6x42oc7Pu8"
"ChIJyZdphpZZwokR0DVerrIN11c","Oak Tuscan Truffle Lounge","Greenwich Village","Italian","Sit-down","https://resy.com/cities/new-york-ny/venues/oak-tuscan-truffle-lounge?date=2024-07-30&seats=2","https://resizer.otstatic.com/v2/photos/xlarge/1/25713069.jpg","$$","heartwarming flavors, tradition, and a deep love for the world of hospitality. Chef Rudy Accornero from ""The Eternal City"" of Rome has crafted a menu that celebrates the love and passion for food passed down from his beloved grandparents. focus of truffle","https://maps.app.goo.gl/oQqPSq8WsRgsJbVH6"
"ChIJIUM_NYVZwokRFOQZXDCXMSE","Vic’s","NoHo","Italian","Sit-down","https://resy.com/cities/new-york-ny/venues/vics?date=2024-07-30&seats=2","https://image.resy.com/3/003/2/2790/2c57e57b001d46605e28f9d009aa209acdd0b831/jpg/1600x1600","$$","Updated Italian dishes plus cocktails & housemade limoncello in spacious, low-key digs.","https://maps.app.goo.gl/txmJPMtvLLzrueHy8"
"ChIJF7GCEJpZwokR4z1FzAGgdVE","Ixta Cocina Mexicana + Mezcal Bar","Bowery","Mexican","Sit-down","https://www.opentable.com/r/ixta-new-york","https://cdn.prod.website-files.com/633dbbd40fd3e347ca5da810/63470af2ee7d9567cf664040_IXTA%20Food%20Shoot-17.jpg","$$","Serving upscale Oaxaca and Regional Mexican Cuisine with a twist; along with imported artisanal mezcal and tequila handpicked from various regions of Mexico. IXTA Cocina Mexicana + Mezcal Bar located in Manhattan’s lower east side (LES) on Bowery. Get away from the hustle and bustle of New York City and step into the jungle of our enchanted Tulum themed Mexican Restaurant. Combining savory housemade Oaxacan moles and freshly sourced Mexican cuisine created by executive chef Francisco Blanco. Our handcrafted cocktails are artfully created from the finest selection of local and imported liquor, including different selections of mezcal, tequila, and rum—including some specialized IPA and wines from Mexico. All our specialty cocktails are alchemized with exotic herbs and spices, and seasonal fruits.","https://maps.app.goo.gl/tVdNVmqNTbhj62xX9"
"ChIJQ-hJIuBbwokRRUdquw_5w5U","L’ industrie Pizzeria","West Village","Pizza","Fast and casual","Walk in Only","https://res.cloudinary.com/the-infatuation/image/upload/f_auto/q_auto/v1710174725/images/NYC_LIndustrieWestVillage_Interior_AlexStaniloff-1_c98bnd.jpg","$","Celebrated locale with covered outdoor seating, turning out classic old-world pies and slices, plus inventive flavor combinations.",NA
"ChIJQ-hJIuBbwokRRUdquw_5w5U","L’ Industrie Pizzeria","Williamsburg","Pizza","Fast and casual","Walk in Only","https://res.cloudinary.com/the-infatuation/image/upload/v1656121738/cms/reviews/lindustrie-pizzeria/TeddyWolff.LIndustrie.InteriorsExteriors.4_fSgMPR7.jpg","$","Celebrated locale with covered outdoor seating, turning out classic old-world pies and slices, plus inventive flavor combinations.",NA
"ChIJuTqCVatZwokRaaU3zsRuw98","Wolfgang's Steakhouse","Theater District/Times Square","Steakhouse","Sit-down","https://www.opentable.com/wolfgangs-steak-house-times-square","https://media-cdn.tripadvisor.com/media/photo-p/18/86/fb/3d/54.jpg","$$$$","Upscale chophouse chain serving dry-aged steaks, seafood & wine in an elegant setting.","https://maps.app.goo.gl/1pBxt1Tu67Z4ugCL7"
"ChIJuTqCVatZwokRaaU3zsRuw98","Wolfgang's Steakhouse Broadway","Midtown","Steakhouse","Sit-down","https://www.opentable.com/r/wolfgangs-steakhouse-broadway-37th-st-new-york","https://resizer.otstatic.com/v2/photos/wide-xlarge/2/63650945.webp","$$$$","Upscale chophouse chain serving dry-aged steaks, seafood & wine in an elegant setting.","https://maps.app.goo.gl/vCsP8mC3s2YnkBAC9"
"ChIJ7cmhqPVZwokRcWzLzM5e-5A","Wolfgang's Steakhouse","Tribeca","Steakhouse","Sit-down","https://www.opentable.com/wolfgangs-steakhouse-tribeca?ref=1068","https://resizer.otstatic.com/v2/photos/wide-xlarge/2/58333777.webp","$$$$","Upscale chophouse chain serving dry-aged steaks, seafood & wine in an elegant setting.","https://maps.app.goo.gl/D9LZbL8efUBdvfCq6"
"ChIJqWOfDa9ZwokR8S9r58dyv5Y","Cadence","Alphabet City","American","Sit-down","https://resy.com/cities/new-york-ny/venues/cadence?date=2024-07-30&seats=2","https://image.resy.com/3/003/2/42578/6c22267ae4daf7432a9e8ddae2e5fa96436fa76e/jpg/1600x1600","$$","Because executive chef Shenarri “Greens” Freeman has accomplished the seemingly impossible: a next-level Southern and soul food vegan concept. As part of Ravi DeRossi’s Overthrow Hospitality revamp, Cadence is the culmination of Freeman’s love affair with plant-based cuisine, and her plates — smoked grits, jerk mac and cheese, and the usual suspects — are something else.","https://maps.app.goo.gl/xgxEkaSUkhXKTXVA8"
"ChIJV6G4us9fwokRy4GOF89i6nE","Hamida Seafood","Astoria","Seafood","Sit-down","Walk in Only","https://static01.nyt.com/images/2020/03/04/dining/04Hungry-Hamido-B/merlin_169430793_d4d464a4-7112-4740-853e-be94513a59da-articleLarge.jpg?quality=75&auto=webp&disable=upscale","$$",NA,"https://maps.app.goo.gl/R1eKZs1qGFmB4K6d8"
"ChIJIXPGRZtZwokRlob1QzvXcO4","Electric lemon","Hudson Yards","American","Sit-down","https://resy.com/cities/new-york-ny/venues/electric-lemon?date=2024-07-30&seats=2","https://electriclemonnyc.com/wp-content/uploads/sites/40/2019/11/electriclemon_highres-20.jpg","$$$","Equinox Hotel restaurant for veggie-forward dishes and crudos in a polished venue with a terrace.","https://maps.app.goo.gl/JaVWUav2xhhzRv8w7"
"ChIJOTob_r1bwokRtUoNNbcmw_g","Speedy Romeo","Clinton Hill","Pizza","Sit-down","https://resy.com/cities/new-york-ny/venues/speedy-romeo-bk?date=2024-07-30&seats=2","https://static01.nyt.com/images/2012/04/11/dining/20120411-SPEEDY-slide-ZO59/20120411-SPEEDY-slide-ZO59-jumbo.jpg","$$","Wood-fired pizzas & Italian fare from an open kitchen set in a former body shop in Clinton Hill.","https://maps.app.goo.gl/sa88HimpbAmaQFen7"
"ChIJ__-_rdH1wokRph5JCGj8aGQ","Zona De Cuba","South Bronx","Latin American","Sit-down","https://www.opentable.com/r/zona-de-cuba-bronx","https://resizer.otstatic.com/v2/photos/wide-xlarge/2/26412714.webp","$$","A menu featuring classic Cuban & Latin fare in a  modern setting with ample bar & patio seating.","https://maps.app.goo.gl/E6o36GrmaPvczcfT6"
"ChIJ61xsAEVbwokRS6GWvuAq5U0","Yunnan Rice Noodle House","Chinatown","Chinese","Sit-down","Walk in Only","https://apis3.fantuan.ca/image/publicimage_image_1648507990.821124.png","$",NA,"https://maps.app.goo.gl/rcY2EX8aw5Z23QLU8"
"ChIJ_eNEOLhZwokRqAfR9OaMay0","Empire Diner","Chelsea","Diner","Sit-down","https://resy.com/cities/new-york-ny/venues/empire-diner-nyc?date=2024-07-21&seats=2","https://image.resy.com/3/003/2/52909/903e4d79ec412a4d2735734083de7fe7aed415b9/jpg/1600x1600","$$","Classic art deco diner with upgraded spins on American dishes, coffee, and cocktails.",NA
"ChIJ-bhM6yL2wokRAtIoWi_TL2k","Melba's Restaurant","Harlem","American","Sit-down","https://www.opentable.com/r/melbas-new-york","https://cdn.vox-cdn.com/thumbor/lcYC9nFnqI3GPTfrZstKf6AZnCw=/0x0:1024x683/1200x675/filters:focal(664x180:826x342)/cdn.vox-cdn.com/uploads/chorus_image/image/73165034/IMG_5448_PC_Anthony_Jones.0.jpeg","$$","Southern classics served in a retro setting that's relaxed & homey by day, bustling in the evening.","https://maps.app.goo.gl/epvTZfWDSUEdYFUY9"
"ChIJb7CqrvpZwokRFeC0MqXi7ys","Cafe Carmellini","NoMad","Italian","Sit-down","https://resy.com/cities/new-york-ny/venues/cafe-carmellini?date=2024-07-30&seats=2","https://static01.nyt.com/images/2024/02/07/multimedia/07rest-carmellini1-qlhb/06rest-carmellini1-qlhb-articleLarge.jpg?quality=75&auto=webp&disable=upscale","$$$","Chef Andrew Carmellini is behind many New Yorkers’ favorite restaurants, from Bar Primi and Locanda Verde to Lafayette, and this restaurant — the first to bear his name — marks his return to fine dining in the luxurious and elegant setting of the Fifth Avenue Hotel. The menu here blends French and Italian influences — everything from sole Normande and squab en croûte to lobster cannelloni with Osetra caviar.","https://maps.app.goo.gl/W1XhDgTSQRAKpPfy8"
"ChIJBfDVuAVZwokRjNRasFnJr5E","Montagu’s Gusto","Murray Hill","Deli & Bagel","Fast and casual","Walk in Only","https://encrypted-tbn0.gstatic.com/images?q=tbn:ANd9GcQL5so81V2JMMuLpacB4Zh9V7wNihBUZuTTkA&usqp=CAU","$",NA,"https://maps.app.goo.gl/uHJECBBXBhtZBMAX6"
"ChIJPSb0duFZwokR1kKMyJ7x38E","Dunhuang","Murray Hill","Chinese","Sit-down","Walk in Only","https://jerseydigs.com/wp-content/uploads/2023/06/dunhuang-jersey-city-opening.jpg","$$","Chinese eatery featuring hand-pulled noodle soups, salads, and lamb entrees.","https://maps.app.goo.gl/rMGQZkPDFMxTe37b6"
"ChIJ8dxLTj1awokRcLagjGlwyHc","Hole in the Wall","Murray Hill","Other","Sit-down","https://resy.com/cities/new-york-ny/venues/hole-in-the-wall-murray-hill?date=2024-07-31&seats=2","https://www.tagvenue.com/resize/1b/e4/fit-535-358;31550-whole-venue-room-enhanced-v1-1326369.jpeg","$$","Serves speciality coffee, Aussie brunch favorites and a seasonally charged dinner menu alongside an extensive wine and seasonal cocktail list","https://maps.app.goo.gl/HdW6S5bQqkJ1WXF87"
"ChIJtxeOqXdbwokRa1M5fa8HJXE","Next Stop Vegan","Brooklyn Heights","Vegan & Vegetarian","Sit-down","Walk in Only","https://i0.wp.com/greenpointers.com/app/uploads/2024/06/79B612E5-0D9C-479C-9C17-7C4802C6FF5E.jpg?fit=2000%2C2000&ssl=1","$$",NA,"https://maps.app.goo.gl/1CDiv6uvjn6Dekr86"
"ChIJK48-E51ZwokRvAA-v6fx9y0","Cafe Mogador","East Village","Mediterranean","Sit-down","https://resy.com/cities/new-york-ny/venues/cafe-mogador-east-village?date=2024-07-31&seats=2","https://s.wsj.net/public/resources/images/OB-KQ404_1029lb_H_20101029110408.jpg","$$","Classic Moroccan flavors & outdoor seating draw a bohemian crowd to this neighborhood standby.","https://maps.app.goo.gl/UZW1qAkAkY4hHiJ3A"
"ChIJM2NCGJ1ZwokRA2nCkZcz08g","Màlá Project","Midtown East","Chinese","Sit-down","https://resy.com/cities/new-york-ny/venues/mala-project?date=2024-07-31&seats=2","https://cdn.vox-cdn.com/thumbor/6zEr5xHb8k5CM3HupPHk-g65TpM=/0x0:4032x3024/1200x800/filters:focal(1694x1190:2338x1834)/cdn.vox-cdn.com/uploads/chorus_image/image/58694637/IMG_2093.0.jpg","$$","Cozy, hip spot featuring Chinese dry pot with a choice of spice level, plus appetizers and dim sum.","https://maps.app.goo.gl/8gLdK8UBhkhtrm4s5"
"ChIJM2NCGJ1ZwokRA2nCkZcz08g","Màlá Project","Greenpoint","Chinese","Sit-down","https://resy.com/cities/new-york-ny/venues/mala-project-greenpoint?date=2024-07-31&seats=2","https://interiordesign.net/wp-content/uploads/2023/09/Interior-Design-LOVEISENOUGH-MaLa-Project-LOVEISENOUGH-Mala-Project4039.jpg","$$","Cozy, hip spot featuring Chinese dry pot with a choice of spice level, plus appetizers and dim sum.","https://maps.app.goo.gl/e2TkqmZydZxXXxBt5"
"ChIJcWoDq4BZwokRFDtV51j09Hg","Kossar's Bagels & Bialys","Upper East Side","Deli & Bagel","Fast and casual","Walk in Only","https://static.spotapps.co/website_images/ab_websites/40161_website_v1/about_img_1.jpg","$","Refurbished institution (since 1936) preparing kosher bialys, bagels, sandwiches & babka.","https://maps.app.goo.gl/muxw8HiBEyskNf1U9"
"ChIJcWoDq4BZwokRFDtV51j09Hg","Kossar's Bagels & Bialys","Hudson Yards","Deli & Bagel","Fast and casual","Walk in Only","https://goldbelly.imgix.net/uploads/showcase_media_asset/image/161587/Kossars-Famous-bagels-dozen-product-8.jpg?ixlib=rails-3.0.2","$$","Refurbished institution (since 1936) preparing kosher bialys, bagels, sandwiches & babka.","https://maps.app.goo.gl/3nTnwKT1wbVnuEk57"
"ChIJDaPso0ZZwokRCZ_P67ZMVMI","Russ & Daughters","Hudson Yards","Deli & Bagel","Fast and casual","Walk in Only","https://images.squarespace-cdn.com/content/v1/57be0600e3df288b8ce9492a/49c2c6ca-782a-4cd8-8588-c9600db75898/downsized.jpg","$$","Petite counter-service pizzeria with an old-school vibe offering pies, Italian entrees & sandwiches.","https://maps.app.goo.gl/SqH3maCcx3TTLwfQ9"
"ChIJDaPso0ZZwokRCZ_P67ZMVMI","Russ & Daughters Cafe","Lower East Side","American","Fast and casual","Walk in Only","https://images.squarespace-cdn.com/content/v1/57be0600e3df288b8ce9492a/1480745105578-IAX2J3EG5ODYOD91MF6O/Shop+Storefront","$$","Petite counter-service pizzeria with an old-school vibe offering pies, Italian entrees & sandwiches.","https://maps.app.goo.gl/zh6G8caSV36AC3GU9"
"ChIJgTDgQh1cwokRAigCV_DOCQ8","Artichoke Basille's Pizza","Bushwick","Pizza","Fast and casual","Walk in Only","https://qns.com/wp-content/uploads/2015/05/IMG_4641.jpg","$$","Patrons line up into the wee hours to snag signature artichoke pizza from this counter-service spot.","https://maps.app.goo.gl/ZtkJ6vtmtkBmKx8h6"
"ChIJTwH7JrNZwokRbyg6mhXQSOo","Ruby's Cafe - West Village","West Village","Other","Sit-down","https://www.opentable.com/r/little-rubys-cafe-west-village-new-york","https://media.licdn.com/dms/image/D4E22AQGOtB6RSMpsew/feedshare-shrink_800/0/1699550800671?e=2147483647&v=beta&t=GRbyGNCVghyC3bI1X6tYkJbgYzqp7nBxL-hQfTt6K4E","$$","Since 2003, Little Ruby’s Cafe has brought Australian cafe culture to New York City, offering approachable all-day fare, specialty drinks, and a full coffee program. Open for brekkie, lunch and dinner 7 days a week, Little Ruby’s Cafe’s beloved menu features the signature burgers, pastas, salads and brunch classics, all served in thoughtfully designed spaces. Located on the landmark corner of West 4th St & 7th Avenue, our newest Little Ruby’s Cafe features an airy, multi-level space. A first for Little Ruby’s, West Village offers a full bar with an exclusive cocktail program alongside our classic menu with new dishes unique to the location. With an expansive terrace and sweeping windows, the West Village restaurant invites guests to absorb the energy of the neighborhood as they enjoy their morning brekkie or grab cocktails and dinner with friends. Opening October 2023. Little Ruby’s West Village will be open 7 days a week for brekkie, lunch and dinner.","https://maps.app.goo.gl/EsBhMdPJGMyriDhf6"
"ChIJK5v5ighZwokROtdIRyEVYSM","Ruby's Cafe - Murray Hill","Murray Hill","Other","Sit-down","https://www.opentable.com/r/little-rubys-cafe-murray-hill-new-york","https://images.getbento.com/accounts/b1463c771efd7f54f15c8c2371390f1f/media/images/80201IMG_0315.jpg?w=1200&fit=crop&auto=compress,format&crop=focalpoint&fp-x=0.5&fp-y=0.37","$$","Since 2003, Little Ruby’s Cafe has brought Australian cafe culture to New York City, offering approachable all-day fare, specialty drinks, and a full coffee program. Open for brekkie, lunch and dinner 7 days a week, Little Ruby’s Cafe’s beloved menu features the signature burgers, pastas, salads and brunch classics, all served in thoughtfully designed spaces. Located on the landmark corner of West 4th St & 7th Avenue, our newest Little Ruby’s Cafe features an airy, multi-level space. A first for Little Ruby’s, West Village offers a full bar with an exclusive cocktail program alongside our classic menu with new dishes unique to the location. With an expansive terrace and sweeping windows, the West Village restaurant invites guests to absorb the energy of the neighborhood as they enjoy their morning brekkie or grab cocktails and dinner with friends. Opening October 2023. Little Ruby’s West Village will be open 7 days a week for brekkie, lunch and dinner.","https://maps.app.goo.gl/apUQyiBmT1mqZUXu6"
"ChIJ-V7NLMxZwokRwWqYU9xL8tQ","Ruby's Cafe - East Village","East Village","Other","Sit-down","https://www.opentable.com/r/little-rubys-cafe-east-village-new-york","https://images.getbento.com/accounts/b1463c771efd7f54f15c8c2371390f1f/media/images/89796Rubys_East_Village_01302023_FINALS-10.jpg?w=1200&fit=crop&auto=compress,format&crop=focalpoint&fp-x=0.5&fp-y=0.63","$$","Since 2003, Little Ruby’s Cafe has brought Australian cafe culture to New York City, offering approachable all-day fare, specialty drinks, and a full coffee program. Open for brekkie, lunch and dinner 7 days a week, Little Ruby’s Cafe’s beloved menu features the signature burgers, pastas, salads and brunch classics, all served in thoughtfully designed spaces. Located on the landmark corner of West 4th St & 7th Avenue, our newest Little Ruby’s Cafe features an airy, multi-level space. A first for Little Ruby’s, West Village offers a full bar with an exclusive cocktail program alongside our classic menu with new dishes unique to the location. With an expansive terrace and sweeping windows, the West Village restaurant invites guests to absorb the energy of the neighborhood as they enjoy their morning brekkie or grab cocktails and dinner with friends. Opening October 2023. Little Ruby’s West Village will be open 7 days a week for brekkie, lunch and dinner.","https://maps.app.goo.gl/TKkgSfsZTWaYRMa49"
"ChIJlfNObvVZwokRYKVKPX21uOU","Mr Chow","Tribeca","Chinese","Sit-down","https://www.opentable.com/r/mr-chow-tribeca-new-york","https://images.otstatic.com/prod/25920755/1/huge.jpg","$$$","Noodles, dumplings & other upscale Chinese fare served by white-jacketed waiters in posh space.","https://maps.app.goo.gl/qscGwwUGHHDrT1VV6"
"ChIJaVgbdR9awokRqxIwG9AywT4","Takahachi","Tribeca","Sushi","Sit-down","Walk in Only","https://d3rg18dos0rgue.cloudfront.net/wp-content/uploads/2018/04/08234341/takahachi.jpg","$$","Sushi, specialty maki rolls & other Japanese basics served in a casual neighborhood setting.","https://maps.app.goo.gl/b6KWagQFuwDM6xqa6"
"ChIJwUcmtIJZwokRID_0WLBoqgU","Takahachi","Alphabet City","Sushi","Sit-down","Walk in Only","https://res.cloudinary.com/the-infatuation/image/upload/c_scale,w_1200,q_auto,f_auto/cms/media/reviews/takahachi/banners/Takahachi-East-Village_0","$$","Low-key neighborhood Japanese restaurant featuring sushi, sashimi & home-cooking basics.","https://maps.app.goo.gl/Xdx5tnX5qKTWtRk4A"
"ChIJn-PPbBRawokR3o5lQeBaB_w","Fraunces Tavern","FiDi","American","Sit-down","https://www.opentable.com/fraunces-tavern-the-porterhouse-brewing-co","https://resizer.otstatic.com/v2/photos/wide-xlarge/3/52116691.webp","$$","Renovated historic tavern with a George Washington link offering pub eats & live music.","https://maps.app.goo.gl/vPPHLiEWcLq74DWR6"
"ChIJnQLwRJRYwokRAok9jZJTLrY","The Mark Restaurant by Jean-Georges","Upper East Side","American","Sit-down","https://resy.com/cities/new-york-ny/venues/the-mark-restaurant-by-jean-georges?date=2024-07-31&seats=2","https://image.resy.com/3/003/2/10150/8c38b009c82720e365bca3768cacc979f5273c4a/jpg/1600x1600","$$$$","Elevated dining room offering all-day menus with globally inspired fare and drinks in an elegant setting.","https://maps.app.goo.gl/z9XoU3kQfRzBKDd36"
"ChIJcYTj9gFbwokRkvKKMQFaObo","Forma Pasta Factory","Clinton Hill","Italian","Sit-down","Walk in Only","https://s3-media0.fl.yelpcdn.com/bphoto/3wd2FyDQuLX6PEFc91jRpQ/348s.jpg","$$",NA,"https://maps.app.goo.gl/fZgwtmQvXkXDMaDz7"
"ChIJVQw7S69ZwokRxkRkuFLa494","Tonchin BROOKLYN","Williamsburg","Ramen","Sit-down","https://resy.com/cities/new-york-ny/venues/tonchin-brooklyn?date=2024-07-31&seats=2","https://cdn.prod.website-files.com/64f271c1bc251cc492d7f271/64f2ab50e2aee8c57e4c218b_TonchinBrooklyn_1_2044_websize.jpg","$$","Tonchin has never been quite like other ramen bars to begin with, and the Brooklyn outpost of this Tokyo-based chain proves that perfectly. Come here for all your ramen needs, as well as an extensive list of natural wines and delicious raw bar specialties that you can’t get over in Manhattan, like oysters on the half-shell and bright tartar. Pro tip: Don’t sleep on the vegan salad or the fried chicken wings.","https://maps.app.goo.gl/7zyipa2wGttCuFFG8"
"ChIJv_vCZ6JZwokR_2lI72wJsl0","Singapura","Gramercy Park","Asian","Sit-down","Walk in Only","https://lh3.googleusercontent.com/p/AF1QipP7aLQB1cWfm5bCsXnoT-SdTTv4ZRjNdcxxpsWj=s680-w680-h510","$$","Southeast Asian eatery with exposed brick serving fare from Thailand, Malaysia, Singapore & beyond.","https://maps.app.goo.gl/LFZm2X6isYFdyQHy5"
"ChIJo9XHFIJZwokRg2A7E7I7INE","Wau","Upper West Side","Asian","Sit-down","https://resy.com/cities/new-york-ny/venues/wau-restaurant?date=2024-07-31&seats=2","https://axwwgrkdco.cloudimg.io/v7/__gmpics3__/5f8b68fec06d4cbdbe2704fc4ba6c2bd.jpg","$$","Rice dishes, noodles & soups, plus cocktails & wine presented in a stylish setting.","https://maps.app.goo.gl/XViAXE7Lcnk8qjwF8"
"ChIJx-Yt5lNYwokRzwFhNuRwCwQ","Sake Bar Hagi","Hell's Kitchen","Japanese","Sit-down","https://www.opentable.com/r/sake-bar-hagi-46","https://resizer.otstatic.com/v2/photos/wide-xlarge/1/25153153.webp","$$","Cozy, brick-walled Japanese eatery and sake bar, offering yakitori, noodles, and sushi, plus happy hours.","https://maps.app.goo.gl/YUMYfrbPH6MLQmCS8"
"ChIJv8QjUXlfwokRpKqn4BGOC-I","Sake Kawa","Astoria","Japanese","Sit-down","https://www.opentable.com/r/sake-kawa-astoria","https://s3-media0.fl.yelpcdn.com/bphoto/PNmGwB_PBcHIA_6_fSmkgA/o.jpg","$$",NA,"https://maps.app.goo.gl/rTBVkTH1oYqP2xoZ7"
"ChIJucCLBkRbwokRctf7F9azpPo","Saketumi Asian Bistro","Brooklyn Heights","Japanese","Sit-down","Walk in Only","https://ik.imagekit.io/awwybhhmo/satellite_images/japanese/red/hero/8.jpg?tr=w-2048","$$","Stylish but relaxed eatery with a patio for straightforward sushi, plus Thai & Malaysian dishes.","https://maps.app.goo.gl/eWqV1SmVa6XPYjPV8"
"ChIJPfSN0VpZwokRyqr6M5SqiYk","KYURAMEN","Union Square","Japanese","Sit-down","Walk in Only","https://static.wixstatic.com/media/ac2bd4_87653487861b43d081539f36268c573a~mv2.jpg/v1/fill/w_1512,h_1104,al_c,q_85,usm_0.66_1.00_0.01,enc_auto/ac2bd4_87653487861b43d081539f36268c573a~mv2.jpg","$$","Noodle soups, gyoza, bao buns, and other standards in a comfy eatery with wood accents and counter seats.","https://maps.app.goo.gl/Bgignqik3Jkk6Bus7"
"ChIJO8_KyN9ZwokR98VtWjlBKG4","Cecconi's NoMad","NoMad","Italian","Sit-down","https://www.opentable.com/r/cecconis-at-the-ned-nomad-new-york","https://resizer.otstatic.com/v2/photos/xlarge/2/49216835.webp","$$$","Welcome to the first Cecconi's in Manhattan! Situated on the first floor of the Ned Nomad, this modern-day classic Italian restaurant serves hand-made pasta, wood oven-fired pizza, seafood, and dishes from Northern Italy. Design details include a hand-chipped mosaic and terrazzo striped floor, a new take on the traditional Cecconi’s stripe, set against navy velvet banquettes, golden-yellow leather chairs, and a polished timber bar, inspired by classic mid-century Italian Trattorias. Cecconi’s is open to the public, with advance reservations for members and hotel guests.","https://maps.app.goo.gl/9SPi4QDwnqqz5DSM7"
"ChIJ87qt5hhawokRfDHmVxCxPJY","CUT by Wolfgang Puck","Tribeca","Steakhouse","Sit-down","https://www.opentable.com/r/cut-by-wolfgang-puck-at-fs-downtown-new-york","https://resizer.otstatic.com/v2/photos/xlarge/2/52089553.webp","$$$$","CUT by Wolfgang Puck is where New Yorkers broker deals over power meals, and where Tribeca’s residents come to dine, wine and unwind, while world travelers immerse themselves in downtown NYC’s emerging culinary scene.","https://maps.app.goo.gl/ZADjshyX8UqmGK4o8"
"ChIJxZmzO7hZwokRx2fls4uU4YU","Semma","West Village","Indian","Sit-down","https://resy.com/cities/new-york-ny/venues/semma?date=2024-08-30&seats=2","https://resy.com/cities/new-york-ny/venues/semma?date=2024-08-30&seats=2","$$","Stylish, relaxed restaurant serving regional specialties from Southern India, plus cocktails and wine.","https://maps.app.goo.gl/or8bvuM23Q6cA5Gz7"
"ChIJmxOl6dpZwokRCxD86jCgBfk","Centurion NY","Midtown East","French","Sit-down","https://resy.com/cities/new-york-ny/venues/centurion-ny?date=2024-08-30&seats=2","https://thepointsguy.global.ssl.fastly.net/us/originals/2023/03/Centurion-New-York-American-Express-Zach-Griff-12-1001.jpg","$$$",NA,"https://maps.app.goo.gl/jR34VPPSnaNhXAbN7"
"ChIJBchQ93pZwokR5AtYEzo6p1o","Jōji","Midtown","Sushi","Sit-down","https://resy.com/cities/new-york-ny/venues/joji?date=2024-09-07&seats=2","https://image.resy.com/3/003/2/62836/92407dc5c89fcb0c0e14dad32d4dbd0e7ba7253c/jpg/1600x1600","$$$$",NA,"https://maps.app.goo.gl/euSVzTXR7Dm4a4Bc7"
"ChIJfcwK4I9ZwokRB91xJVHrA4s","Nonna Dora's","Midtown East","Italian","Sit-down","https://resy.com/cities/new-york-ny/venues/nonna-doras?date=2024-09-07&seats=2","https://static01.nyt.com/images/2022/05/18/dining/18rest-nonna2/merlin_206745459_2e6b1923-acc2-45d5-ae02-7561d57116fb-articleLarge.jpg?quality=75&auto=webp&disable=upscale","$$","Handmade Puglia-style pasta & other Italian dishes offered alongside wine in a mellow locale.","https://maps.app.goo.gl/HLwy3LsfN8cDCZMC7"
"ChIJw47zKvxYwokRgD1Zt5Licyo","Hatsuhana","Midtown East","Sushi","Sit-down","https://resy.com/cities/new-york-ny/venues/Hatsuhana?date=2024-09-07&seats=2","https://img1.10bestmedia.com/Images/Photos/335463/Hatsu-photo_55_660x440.jpg","$$","Japanese mainstay turning out fresh sushi & other basic fare in a simple setting.","https://maps.app.goo.gl/2dpK2EivhF3dvvR87"
"ChIJszmlhQVZwokR8mgnTKrfsiw","El Parador Cafe","Murray Hill","Mexican","Sit-down","https://resy.com/cities/new-york-ny/venues/el-parador-cafe?date=2024-09-07&seats=2","https://onthegrid.city/imager/s3_amazonaws_com/onthegrid.city/assets/grid/new-york-city/murray-hill-kips-bay/el-parador/Elparador4_299006722e285f47655d17d1c9136337.jpg","$$","Intimate, old-school Mexican restaurant, open since 1959, offering traditional cuisine & margaritas.","https://maps.app.goo.gl/dpK482fuz9mBFSNb8"
"ChIJjcAJd-tZwokRJ0GkkJ2Urp0","Le Pavillon","Midtown","French","Sit-down","https://resy.com/cities/new-york-ny/venues/le-pavillon?date=2024-09-07&seats=2","https://image.resy.com/3/003/2/50955/6c4133677d0672fed1e6c75431e1615ccab0fda4/jpg/1600x1600","$$$$","Upscale restaurant with greenery, high ceilings, and city views, serving wine and French cuisine.","https://maps.app.goo.gl/uM28x2CJ3mLGazgT8"
"ChIJQdPMK0JZwokRkq4DcvtSraA","Fasano Restaurant New York","Midtown East","Italian","Sit-down","https://resy.com/cities/new-york-ny/venues/fasano-restaurant-new-york?date=2024-09-07&seats=2","https://media.timeout.com/images/105903446/image.jpg","$$$",NA,"https://maps.app.goo.gl/ecwYmhucdEGDmGQHA"
"ChIJZ9VmYvxYwokRxTMyUoH3dKM","Sushi Ann","Midtown East","Sushi","Sit-down","https://resy.com/cities/new-york-ny/venues/sushi-ann?date=2024-09-09&seats=2","https://image.resy.com/3/003/2/41951/61b626976155f7f07f1ce81a4c7c38959f54a315/jpg/1600x1600","$$$","Sushi & sashimi served amid traditional decor in an upscale restaurant popular for business lunches.","https://maps.app.goo.gl/YiP9J6SpemjcFsQc8"
"ChIJ-4hK8ghZwokRtP5wMYn7K8k","Banc Cafe","Murray Hill","American","Sit-down","https://resy.com/cities/new-york-ny/venues/banc-cafe?date=2024-09-09&seats=2","https://image.resy.com/3/003/2/50425/6615524c5b0cdd35c445f162a4cc9d448d293d94/jpg/1600x1600","$$","Set in a 1920s bank building, this stylish lounge serves elevated bar food & custom cocktails.","https://maps.app.goo.gl/2UejsAmv2awS4noP6"
"ChIJewzX0QJZwokRHPZtB-YYYxI","Sushi Amane","Midtown East","Sushi","Sit-down","https://resy.com/cities/new-york-ny/venues/sushi-amane-fly?date=2024-09-09&seats=2","https://foodle.pro/meals-images/2020-07-06-18-31-39-0e4f1ed7bd40398eb68d5a7d88aba348.jpg","$$$$","This 8-seat omakase counter inside Mifune offers multicourse sushi menus.","https://maps.app.goo.gl/BkSwxMQSCpQ1Qcey9"
"ChIJ2d54lnr2wokRK-62uG2nIx8","The Edge","Harlem",NA,NA,NA,NA,NA,"Espresso drinks, baked goods & sandwiches, plus wine & beer, in a funky space with brunch service.",NA
"ChIJwW2hRvJZwokR2SJYVjP97v8","Leo","Williamsburg",NA,NA,NA,NA,NA,"Easygoing hub for pizza, lasagna & wine with a takeout cafe offering bites to go.",NA
"ChIJDQQddHhZwokRycolQOqW1RM","Bagel Point","Greenpoint",NA,NA,NA,NA,NA,"Informal spot serving diverse options of hand-rolled bagels & cream cheese all day.",NA
"ChIJr1fdzW5ZwokRued6zB68vpk","Urban Hawker","Midtown",NA,NA,NA,NA,NA,NA,NA
"ChIJ4aiyUYf0wokRl3irR6IrNfM","Zero Otto Nove","Belmont","Italian","Sit-down",NA,NA,NA,"Traditional Italian food & drink served in a warm setting with an old-world vibe.",NA
"ChIJ_SP4MqtZwokRPHCJtx-YCaI","Ann & Tony's","Belmont","Italian","Sit-down",NA,NA,NA,NA,NA
"ChIJ4ZRMX2j0wokRH0R2KBd-Kbo","Casa del Mar Seafood Restaurant","Belmont","Seafood","Sit-down",NA,NA,NA,"Lively destination for fish, seafood & meat dishes with a Latin twist, plus cocktails & hookah.",NA
"ChIJ-c74yYD0wokRqbdBsNyGRO0","Casa della Mozzarella","Belmont","Italian","Fast and casual",NA,NA,NA,"Old-school nook specializing in Italian deli fare, cold cuts, olive oil & housemade mozzarella.",NA
"ChIJhdx5XYZbwokRiPjDzj6xOQA","Daphne","BedStuy","Italian","Sit-down","https://resy.com/cities/new-york-ny/venues/daphnes-ny?date=2024-08-08&seats=2","https://cdn.vox-cdn.com/thumbor/4zfV4D1vEH-0O8KD1jPESMIQ8hg=/0x0:4000x2667/1200x0/filters:focal(0x0:4000x2667):no_upscale()/cdn.vox-cdn.com/uploads/chorus_asset/file/25407084/apisukh_eater_daphnes_3312.jpg","$$$",NA,NA
"ChIJy8jTDBtawokRuFkJI_8AmuI","PJ Clarke’s","Battery Park City","American","Sit-down","https://resy.com/cities/new-york-ny/venues/p-j-clarkes-on-the-hudson?date=2024-08-09&seats=2","https://image.resy.com/3/003/2/64563/5380d36455ae3ac758d730ad3ba4606239bc75fa/jpg/1600x1600","$$","Burgers & other American comfort food in down-to-earth digs with a lively atmosphere.",NA
"ChIJoamdVWRZwokRH_hoTNbhodM","Loosie’s","Bowery",NA,NA,"https://taogroup.com/venues/loosies-nightclub-new-york/vip-reservations/","https://taogroup.com/wp-content/uploads/2023/08/Loosie921A7719-2-scaled.jpg","$$$",NA,NA
"ChIJxy0SM0xZwokR5vC0f4wVlP0","Tatiana","Upper West Side",NA,"Sit-down",NA,NA,NA,NA,NA
"ChIJZZlClEZbwokRZj-0-fE25tk","SAGA","FiDi",NA,"Sit-down",NA,NA,NA,NA,NA
"ChIJO4ACU1dZwokRtCZAQ1jGyo8","Oddfellows","Williamsburg",NA,"Fast and casual",NA,NA,NA,NA,NA
"ChIJA5uZrzxbwokREUvGBT2xQGU","The Social","Prospect Heights",NA,NA,NA,NA,NA,NA,NA
"ChIJG4KsHWhZwokRy8XeIPr63_8","Tigre","Lower East Side",NA,NA,NA,NA,NA,NA,NA
"ChIJq5JiVwlZwokRZI1Yf_Zi_zg","Chiko","Greenpoint",NA,NA,NA,NA,NA,"Casual restaurant prepping rice bowls topped with meat, eggplant or tofu, plus noodles & bubble tea.",NA
"ChIJ4_kdpBBZwokR7rsYae4xCxI","Roscioli A la Carte","SoHo","Italian","Sit-down","https://resy.com/cities/new-york-ny/venues/roscioli-a-la-carte?date=2024-10-04&seats=2","https://media.newyorker.com/photos/65382e7b36d0344304e40de5/master/pass/231106_r43273.jpg","$$",NA,NA
"ChIJ4_kdpBBZwokR7rsYae4xCxI","Roscioli-Tasting Menu","SoHo","Italian","Sit-down","https://resy.com/cities/new-york-ny/venues/roscioli-tasting-menu?date=2024-10-04&seats=2","https://cdn.vox-cdn.com/thumbor/xTbsePXmc9uWH0vZAV2ViD__X0I=/0x0:4000x3000/1200x0/filters:focal(0x0:4000x3000):no_upscale()/cdn.vox-cdn.com/uploads/chorus_asset/file/24785050/230711_ROSCIOLI_EATER_026.jpg","$$",NA,NA
"ChIJHcWG3jZZwokRqla0A1P7mU4","Lola Taverna","SoHo","Mediterranean","Sit-down","https://resy.com/cities/new-york-ny/venues/lola-taverna?date=2024-09-30&seats=2","https://images.squarespace-cdn.com/content/v1/5ea0edc069f98c05aa9dc99b/1601500043536-GA2U1WQJ81MFI9PY0UVU/FB3D1BEC-12FA-48F0-B554-E29C9EFD0FD9.JPG","$$","Cozy option specializing in Greek classics, including seafood and meat dishes, plus a robust wine list.",NA
"ChIJvSQIgqFZwokRFYQbJdzceSs","The Tavern at Gramercy Tavern","Flatiron","American","Sit-down","https://resy.com/cities/new-york-ny/venues/gramercy-tavern?date=2024-09-30&seats=2","https://res.cloudinary.com/the-infatuation/image/upload/q_auto,f_auto/cms/media/reviews/gramercy-tavern/banners/Gramercy-Tavern1_2","$$$$","Danny Meyer's Flatiron District tavern with a fixed-price-only dining room & a bustling bar area.",NA
"ChIJvSQIgqFZwokRFYQbJdzceSs","The Dining Room at Gramercy Tavern","Flatiron","American","Sit-down","https://resy.com/cities/new-york-ny/venues/the-dining-room-at-gramercy-tavern?date=2024-09-30&seats=2","https://cdn.vox-cdn.com/thumbor/C73hRtHuN73xuB0pee-GoCv4xI4=/0x0:2000x1333/1200x675/filters:focal(840x506:1160x826)/cdn.vox-cdn.com/uploads/chorus_image/image/64046099/GRAMERCY_lead.0.0.1527721621.0.jpg","$$$$","Danny Meyer's Flatiron District tavern with a fixed-price-only dining room & a bustling bar area.",NA
"ChIJaRynAtpZwokRfbYA0B4VJWs","Anixi","Chelsea",NA,NA,NA,NA,NA,NA,NA
"ChIJaQRXYuRZwokRHjAN5MkBizY","Rule of Thirds","Greenpoint",NA,NA,NA,NA,NA,"Creative Japanese comfort fare by a lauded restaurant group in a cozy setting with tall ceilings.",NA
"ChIJoTXWl8dbwokRpKA2BJFVsGA","Manhatta","FiDi","American",NA,NA,NA,"$$$","Set on the 60th floor, this ritzy, high-end restaurant features New American cuisine and city views.",NA
"ChIJaQRXYuRZwokRHjAN5MkBizY","Rule of Thirds","Greenpoint",NA,NA,NA,NA,NA,"Creative Japanese comfort fare by a lauded restaurant group in a cozy setting with tall ceilings.",NA
"ChIJ5da30XlZwokR7hYVJEUj40Y","SHŌSH","West Village","Vegan & Vegetarian","Sit-down",NA,NA,NA,NA,NA
"ChIJAQsbm0VawokRcg7_fS48m1g","Chez Moi","Brooklyn Heights","French","Sit-down","https://resy.com/cities/new-york-ny/venues/chez-moi?date=2024-09-24&seats=2","https://thetourguy.com/wp-content/uploads/2022/01/Chez-Moi.png","$","Laid-back eatery serving classic French bistro fare & creative cocktails in snug, brick-walled digs.",NA
"ChIJC5JFjf9YwokREzJa0siEb8c","Butter","Midtown","American","Sit-down","https://resy.com/cities/new-york-ny/venues/butter-midtown?date=2024-09-24&seats=2","https://images.squarespace-cdn.com/content/v1/5fdd006d45da1328afeed86e/1609439247797-4NNUI91U3B16XO6SMHCR/Butter+Atrium+view.jpg","$$$$","A diverse American menu & craft cocktails in a sleek space with communal tables & a long bar.",NA
"ChIJcc5gZz9ZwokRNBmoxhdg0jo","Dimsum Garden","Midtown","Asian","Sit-down","Walk in Only","https://offloadmedia.feverup.com/secretnyc.co/wp-content/uploads/2021/12/25083337/dumpling-man-2-scaled.jpeg","$$",NA,NA
"ChIJSy1nJXBZwokRw5t_RksoN7s","Parla Pizza","Upper West Side","Pizza","Sit-down","https://resy.com/cities/new-york-ny/venues/parla-ny?date=2024-09-30&seats=2","https://cdn.prod.website-files.com/64e8cfcb5f956e093fa9dd2b/66c3c12c111db79024df9eac_Home11.webp","$$",NA,NA
"ChIJZ6MGOI9awokRL_wHVV0nxUg","Brooklyn Crab","Red Hook","Seafood","Sit-down","https://resy.com/cities/new-york-ny/venues/brooklyn-crab?date=2024-09-30&seats=2","https://yourbrooklynguide.com/wp-content/uploads/2021/03/Brooklyn-Crab-Restaurant-with-Car-in-Red-Hook.jpg","$$","Relaxed seafood shack offering crab & raw oysters, plus outdoor seating with water views.",NA
"ChIJGSiOX_ZawokRitkShQLGU_A","Buttermilk Channel","Red Hook","American","Sit-down","https://resy.com/cities/new-york-ny/venues/buttermilk-channel?date=2024-09-30&seats=2","https://image.resy.com/3/003/2/5186/ba62ef191621366b9532992cdca7af0b97e76455/jpg/1600x1600","$$","Quaint eatery offering a hearty American comfort-food menu & a popular weekend brunch.",NA
"ChIJqdPcMIlawokRnjb0RFy_o7s","The Good Fork Pub","Red Hook","American","Sit-down","Walk in Only","https://media.timeout.com/images/105924228/750/422/image.jpg","$$","This small Red Hook eatery features Korean-accented eats & a cozy back garden.",NA
"ChIJySiQrZpZwokRvSPZxjsdziM","ACME","NoHo","French","Sit-down","https://www.sevenrooms.com/direct/reservation-request/acme/table","https://dynamic-media-cdn.tripadvisor.com/media/photo-o/1a/a1/28/4f/main-restaurant.jpg?w=1200&h=-1&s=1","$$$$","Restaurant & lounge featuring upscale French & Italian bistro fare, plus wine & cocktails.",NA
"ChIJCX5C4u5ZwokR3RzOYiuHifU","The Parlour Room","Midtown","American","Sit-down","https://resy.com/cities/new-york-ny/venues/the-parlour-room?date=2024-10-01&seats=2","https://images.getbento.com/accounts/ed8ed4bdfcd7848abe69ab0c021508ce/media/images/48052PorterGabi-7502.jpg?w=1800&fit=max&auto=compress,format&cs=origin&h=1800","$",NA,NA
